{"type": "FeatureCollection", "features": [{"type": "Feature", "properties": {"shapeName": "Moscow", "shapeISO": "RU-MOW", "shapeID": "28173009B19676032168465", "shapeGroup": "RUS", "shapeType": "ADM1"}, "geometry": {"type": "MultiPolygon", "coordinates": [[[[37.0456319, 55.1421745], [37.0448159, 55.143376], [37.064748, 55.1442772], [37.0643935, 55.147119], [37.1112104, 55.149187], [37.1105834, 55.1541636], [37.1420798, 55.1556758], [37.1407765, 55.1643778], [37.1563181, 55.1647621], [37.1571762, 55.1617451], [37.1620628, 55.1647183], [37.169879, 55.1643393], [37.1711277, 55.1703684], [37.1672809, 55.1854214], [37.1744385, 55.1950437], [37.1688774, 55.1946373], [37.1666677, 55.2114437], [37.1695854, 55.2157646], [37.1662744, 55.2161455], [37.1633611, 55.2315787], [37.1715136, 55.2313471], [37.1848971, 55.2368907], [37.1939404, 55.2348099], [37.2048645, 55.2416338], [37.2011838, 55.2443623], [37.2059444, 55.2494691], [37.2078402, 55.2491025], [37.2142064, 55.2526908], [37.2190046, 55.2531095], [37.2342665, 55.2479159], [37.2347826, 55.2427651], [37.2455159, 55.2392653], [37.2474556, 55.2419298], [37.2512725, 55.2399967], [37.2701554, 55.2404862], [37.2744925, 55.2446116], [37.2768652, 55.2515818], [37.2678845, 55.2564651], [37.2715607, 55.2588241], [37.291024, 55.2485853], [37.2944596, 55.2423799], [37.3029831, 55.2429011], [37.3069924, 55.2401223], [37.3049981, 55.2358075], [37.306662, 55.2316975], [37.2999211, 55.2306084], [37.3008467, 55.2245258], [37.3169676, 55.2207156], [37.3166632, 55.2282851], [37.3333916, 55.2286723], [37.3344099, 55.2380419], [37.3532432, 55.2388534], [37.4053152, 55.2505764], [37.4109072, 55.2787407], [37.4152262, 55.2900262], [37.4179872, 55.2912782], [37.409719, 55.2901725], [37.4085699, 55.2919091], [37.41323, 55.2935885], [37.4108982, 55.2962582], [37.4028638, 55.2965262], [37.404074, 55.3004863], [37.3994496, 55.3016912], [37.392513, 55.2995215], [37.389964, 55.3025414], [37.3950736, 55.3080662], [37.3827304, 55.3167873], [37.395524, 55.3149424], [37.3966906, 55.3160378], [37.4097827, 55.309415], [37.4146471, 55.311858], [37.4221271, 55.3115196], [37.4278176, 55.3147269], [37.4249141, 55.3172176], [37.4247546, 55.3224923], [37.4208414, 55.3289206], [37.4079148, 55.3338205], [37.4051145, 55.3365341], [37.4142545, 55.3412899], [37.422863, 55.3432068], [37.419933, 55.3513156], [37.4430878, 55.3529225], [37.4275721, 55.3646524], [37.4314132, 55.3671481], [37.4293322, 55.3688048], [37.4342001, 55.3700291], [37.4382338, 55.3745455], [37.4451276, 55.3750456], [37.4471078, 55.3811656], [37.4543213, 55.3799374], [37.4621777, 55.3676752], [37.4654688, 55.369186], [37.4675039, 55.3712907], [37.4644879, 55.3766404], [37.4692698, 55.3798179], [37.4639283, 55.3882286], [37.4705403, 55.3900254], [37.4639932, 55.3980216], [37.4685178, 55.3990376], [37.4613095, 55.3994057], [37.4609465, 55.40157], [37.4633838, 55.4026522], [37.4620614, 55.4048679], [37.4689586, 55.4067817], [37.4655875, 55.4090158], [37.4672927, 55.4125651], [37.4599771, 55.4133144], [37.4561268, 55.4122945], [37.4503189, 55.4156612], [37.443536, 55.413182], [37.4369281, 55.4138807], [37.4388367, 55.4203019], [37.4354048, 55.420764], [37.4332369, 55.4191733], [37.432456, 55.4232928], [37.4269782, 55.4253606], [37.4335436, 55.4267923], [37.4302935, 55.4290124], [37.4249751, 55.4266027], [37.426521, 55.4323914], [37.3866836, 55.4344334], [37.3865229, 55.4384364], [37.3914808, 55.4377533], [37.4000278, 55.4444416], [37.3988526, 55.4454526], [37.3966295, 55.4432017], [37.3907715, 55.441942], [37.387714, 55.4463702], [37.3735957, 55.4453994], [37.3713843, 55.4478643], [37.3727168, 55.4499159], [37.3786694, 55.4521101], [37.3844749, 55.4512963], [37.3879022, 55.4535718], [37.3836378, 55.4570306], [37.3887871, 55.4570957], [37.3942065, 55.4631642], [37.3910316, 55.4666742], [37.3945731, 55.4690068], [37.4027853, 55.4684995], [37.4003774, 55.4669892], [37.4112571, 55.4629321], [37.4122044, 55.4656282], [37.4196233, 55.4687008], [37.429091, 55.4694207], [37.429736, 55.4717742], [37.4262247, 55.475893], [37.4345242, 55.4768387], [37.4452185, 55.4818992], [37.449387, 55.479956], [37.4472355, 55.4750406], [37.4520764, 55.4721825], [37.4568501, 55.4727542], [37.4598084, 55.4703914], [37.4645149, 55.4708106], [37.463977, 55.4686763], [37.4579931, 55.4683333], [37.4579931, 55.4654367], [37.4645821, 55.4649411], [37.4754069, 55.461015], [37.478298, 55.4614724], [37.4842097, 55.4583028], [37.4899346, 55.4608869], [37.4967152, 55.4591398], [37.492149, 55.4561663], [37.4985348, 55.4500383], [37.4858147, 55.4472491], [37.4912564, 55.442741], [37.4994875, 55.4413729], [37.5025471, 55.4381033], [37.5085424, 55.4363932], [37.5352652, 55.4362787], [37.5383916, 55.4374857], [37.5358069, 55.4392485], [37.5347712, 55.4449509], [37.5315207, 55.4469073], [37.5316055, 55.4517498], [37.5327639, 55.4536847], [37.5366617, 55.4533485], [37.5368187, 55.4547761], [37.5443163, 55.4578625], [37.5480083, 55.4568969], [37.5447501, 55.4726458], [37.5608448, 55.4733871], [37.5654849, 55.487418], [37.578667, 55.4866923], [37.5777803, 55.4837651], [37.5798005, 55.4836784], [37.5870275, 55.4867217], [37.5837123, 55.4876748], [37.5859645, 55.489054], [37.581776, 55.4919801], [37.5833567, 55.4935768], [37.5950843, 55.4887276], [37.601931, 55.4892832], [37.6046793, 55.4916699], [37.6064915, 55.4882986], [37.6113541, 55.4896351], [37.6110248, 55.4914069], [37.6073946, 55.4918154], [37.610417, 55.4932414], [37.6091037, 55.500877], [37.6056103, 55.5020547], [37.6089293, 55.5024075], [37.6080963, 55.509844], [37.6021162, 55.5104561], [37.603814, 55.5130378], [37.6008921, 55.5109247], [37.5980226, 55.5147069], [37.5918282, 55.5124933], [37.5785039, 55.5216793], [37.589454, 55.557683], [37.6035767, 55.5645916], [37.5984891, 55.5744262], [37.6003203, 55.5753745], [37.6643563, 55.571623], [37.6760494, 55.5720884], [37.6851823, 55.5741203], [37.6909246, 55.5723191], [37.6925643, 55.5771246], [37.7263489, 55.5900666], [37.7321735, 55.5887973], [37.733529, 55.5929779], [37.7538314, 55.6015974], [37.7817868, 55.6169076], [37.7869133, 55.6166025], [37.7838571, 55.6181907], [37.818332, 55.6392096], [37.8235106, 55.6396749], [37.8226572, 55.6416176], [37.8351163, 55.6502424], [37.8390998, 55.6554662], [37.8411397, 55.6551916], [37.8325244, 55.6836508], [37.8368553, 55.684258], [37.8568882, 55.675701], [37.864792, 55.6873501], [37.8600053, 55.6910309], [37.8640933, 55.6936883], [37.8561665, 55.6987648], [37.858176, 55.7012543], [37.8715322, 55.6952975], [37.8869711, 55.7052153], [37.9070118, 55.7069911], [37.9072468, 55.7046132], [37.9113772, 55.7047767], [37.9151667, 55.6970473], [37.9189383, 55.6994252], [37.924743, 55.6970422], [37.9266095, 55.6982211], [37.9398067, 55.6980146], [37.939877, 55.696504], [37.9282528, 55.6949993], [37.9231927, 55.6892714], [37.9186031, 55.68826], [37.9132908, 55.6833168], [37.9137928, 55.681538], [37.9189363, 55.6805384], [37.9204717, 55.676143], [37.9637963, 55.6739042], [37.9613556, 55.6756369], [37.9644024, 55.6798146], [37.9628732, 55.6856636], [37.9647713, 55.6861743], [37.9578801, 55.6894508], [37.9602039, 55.692774], [37.9575785, 55.6938492], [37.9539295, 55.692726], [37.9556123, 55.6945131], [37.9508767, 55.6961866], [37.9484764, 55.6951279], [37.9447161, 55.6971238], [37.945237, 55.6991227], [37.9533217, 55.7007439], [37.9542086, 55.7027752], [37.9570452, 55.7008597], [37.9597448, 55.7045084], [37.947367, 55.708672], [37.9496668, 55.7113411], [37.9641928, 55.7091974], [37.9667063, 55.7104986], [37.9598592, 55.7140911], [37.9674277, 55.716249], [37.9584742, 55.7176168], [37.9555126, 55.720222], [37.9474751, 55.7200604], [37.9376089, 55.726887], [37.9235854, 55.7312255], [37.9180394, 55.7306219], [37.9150477, 55.7269838], [37.9077881, 55.7248027], [37.9024213, 55.7252509], [37.8906332, 55.722309], [37.8898505, 55.7237012], [37.8854775, 55.7241916], [37.8869204, 55.7202606], [37.8810045, 55.7190992], [37.8765345, 55.7204709], [37.8760932, 55.7233877], [37.8724504, 55.723377], [37.8702706, 55.7265861], [37.8734123, 55.7296476], [37.864238, 55.7347168], [37.8684891, 55.7372895], [37.8780087, 55.7378695], [37.8807532, 55.7425041], [37.8900854, 55.7416036], [37.8882457, 55.7484642], [37.8825409, 55.7493396], [37.863233, 55.745573], [37.8479957, 55.7444999], [37.8426549, 55.7467345], [37.8434979, 55.7669072], [37.8459341, 55.7686145], [37.8434007, 55.7747346], [37.8506785, 55.7785629], [37.8431377, 55.7792395], [37.839762, 55.8116247], [37.8437616, 55.8147738], [37.8391745, 55.8162615], [37.8373695, 55.8224896], [37.8297437, 55.8305581], [37.730375, 55.8806067], [37.7315551, 55.8856186], [37.7243624, 55.8838019], [37.7071883, 55.8923311], [37.6987201, 55.894336], [37.6770488, 55.8954776], [37.6726695, 55.8978367], [37.6691834, 55.8956784], [37.6632928, 55.8959169], [37.6292697, 55.8999289], [37.5931529, 55.9089479], [37.5903936, 55.9115316], [37.5912017, 55.9135942], [37.5873513, 55.9103686], [37.5741491, 55.9112732], [37.5559505, 55.9090943], [37.5607055, 55.9320541], [37.5656683, 55.9331285], [37.5662687, 55.9362546], [37.5699506, 55.9362305], [37.5701637, 55.9408543], [37.5645629, 55.9408723], [37.5625931, 55.9507905], [37.5795348, 55.9491814], [37.5808138, 55.9537022], [37.5748503, 55.9558906], [37.5745199, 55.9574097], [37.5550637, 55.9511575], [37.555104, 55.9535347], [37.5532001, 55.9534803], [37.550651, 55.9508086], [37.5482976, 55.955342], [37.5369133, 55.9523038], [37.5424717, 55.9436047], [37.5340973, 55.9440067], [37.5194795, 55.9417633], [37.5370259, 55.9075556], [37.5244518, 55.9049172], [37.4859353, 55.8883988], [37.4835978, 55.8906504], [37.4823164, 55.8883802], [37.4759345, 55.8858645], [37.4628321, 55.8832171], [37.4477311, 55.8827967], [37.4424188, 55.8841651], [37.4404745, 55.8808216], [37.4266635, 55.8774643], [37.4094205, 55.8806876], [37.4093978, 55.8849173], [37.4042239, 55.8875213], [37.4041816, 55.8920695], [37.3992913, 55.9007554], [37.3913797, 55.9024645], [37.3899171, 55.9043205], [37.3900178, 55.9128443], [37.398713, 55.9166177], [37.3949359, 55.9193292], [37.3943312, 55.9226576], [37.3968464, 55.9261701], [37.4084134, 55.9241346], [37.4106248, 55.925248], [37.4077466, 55.9290304], [37.4101679, 55.9319133], [37.4066636, 55.939028], [37.4103667, 55.945258], [37.4208886, 55.9471995], [37.4224581, 55.9513146], [37.4140631, 55.9545991], [37.4113789, 55.953187], [37.4081473, 55.9539112], [37.4074388, 55.9513925], [37.3931879, 55.948705], [37.3927919, 55.9522727], [37.3847345, 55.9532037], [37.3816768, 55.950861], [37.3753023, 55.9537343], [37.3764282, 55.9554344], [37.3719719, 55.9561382], [37.358211, 55.9556423], [37.3579704, 55.9531424], [37.3559258, 55.9535018], [37.3534926, 55.9511259], [37.3464338, 55.953622], [37.3495832, 55.9572896], [37.3415703, 55.9568281], [37.3350259, 55.9535891], [37.3405276, 55.9462664], [37.3540987, 55.9389069], [37.3495479, 55.9366301], [37.3432683, 55.9389578], [37.3363011, 55.9347823], [37.3313205, 55.9338701], [37.3398343, 55.9307309], [37.3437067, 55.9241832], [37.3564628, 55.9299543], [37.377823, 55.9211143], [37.3717351, 55.9196431], [37.3660258, 55.9153807], [37.3698614, 55.9081959], [37.3662836, 55.9067026], [37.3702688, 55.9034654], [37.3617712, 55.9014555], [37.3676335, 55.8980386], [37.365638, 55.8947333], [37.3741352, 55.8950696], [37.3773568, 55.8927083], [37.3729403, 55.8911014], [37.3725592, 55.8876481], [37.3747747, 55.8869266], [37.3711942, 55.8839596], [37.372761, 55.8816241], [37.3798326, 55.8799355], [37.3821655, 55.8778687], [37.4039951, 55.8759713], [37.411428, 55.8709576], [37.4016622, 55.8644698], [37.3945561, 55.8544023], [37.3899694, 55.8541642], [37.3871672, 55.8558609], [37.3798725, 55.8534722], [37.3749347, 55.8551704], [37.3765154, 55.8581766], [37.3800303, 55.8594722], [37.3774496, 55.8647195], [37.3794062, 55.8673525], [37.3774889, 55.8683619], [37.3731226, 55.8671531], [37.3628222, 55.8676471], [37.3578908, 55.8642649], [37.3458799, 55.8629437], [37.3406337, 55.8580491], [37.3404435, 55.8515384], [37.3320767, 55.8462996], [37.3492301, 55.843864], [37.347366, 55.8404419], [37.3407825, 55.8402701], [37.3404098, 55.8390122], [37.3450013, 55.8364662], [37.3418339, 55.8341519], [37.3487274, 55.8322154], [37.3485673, 55.8290754], [37.3448235, 55.826067], [37.3497145, 55.8263737], [37.3515886, 55.8243916], [37.3491556, 55.8222253], [37.3523121, 55.8212845], [37.3563725, 55.8226601], [37.3540129, 55.8263994], [37.3568826, 55.8265268], [37.3589247, 55.8228877], [37.3621572, 55.8220367], [37.3689161, 55.8280237], [37.3799375, 55.8306661], [37.3939187, 55.829862], [37.3878905, 55.8097622], [37.3807281, 55.8096574], [37.3774742, 55.812676], [37.3738627, 55.8125917], [37.3717466, 55.8092419], [37.3723377, 55.8031613], [37.3772465, 55.804192], [37.3793921, 55.8091485], [37.3860556, 55.8088709], [37.3867855, 55.8069524], [37.3744812, 55.7923635], [37.3638758, 55.7909609], [37.3487329, 55.7963819], [37.3536424, 55.7972233], [37.3591211, 55.8012847], [37.3581286, 55.8037392], [37.3473758, 55.8065619], [37.3361042, 55.8020658], [37.334486, 55.7996108], [37.32179, 55.8007522], [37.3079191, 55.7972282], [37.3126617, 55.7956909], [37.320955, 55.7978203], [37.3249703, 55.7966009], [37.3143887, 55.7936861], [37.3164453, 55.7927791], [37.3100592, 55.7920866], [37.315399, 55.7884035], [37.3128801, 55.7877903], [37.310606, 55.7844642], [37.3118433, 55.7801654], [37.3131458, 55.7797513], [37.3128271, 55.7863845], [37.3284094, 55.7810864], [37.3229729, 55.7767335], [37.3153018, 55.7746034], [37.3108516, 55.7754361], [37.3084937, 55.7705913], [37.3127565, 55.769081], [37.3189369, 55.7695065], [37.3207023, 55.7668207], [37.3322475, 55.767984], [37.3323016, 55.7719341], [37.3382839, 55.7712914], [37.3398609, 55.7690197], [37.3470671, 55.7695512], [37.3524395, 55.7737624], [37.3522319, 55.7780272], [37.360524, 55.7830797], [37.3595046, 55.784052], [37.370601, 55.7881919], [37.3688249, 55.7727246], [37.3652599, 55.771728], [37.3686444, 55.76869], [37.3656124, 55.7644124], [37.368489, 55.7625565], [37.3689477, 55.745982], [37.378454, 55.7233384], [37.3843099, 55.7151659], [37.3815623, 55.7126033], [37.386661, 55.7111475], [37.3924774, 55.7059193], [37.3879413, 55.7043201], [37.3904837, 55.7024365], [37.3886458, 55.7007934], [37.3921625, 55.6984232], [37.3898298, 55.6969492], [37.382014, 55.6985367], [37.378183, 55.6970549], [37.3767396, 55.7106743], [37.3756211, 55.7115514], [37.3644213, 55.7089047], [37.3693474, 55.7084951], [37.3661551, 55.7070035], [37.368481, 55.7036899], [37.3709402, 55.7036925], [37.36774, 55.7032986], [37.3691059, 55.702475], [37.365914, 55.7029208], [37.3656339, 55.7009597], [37.3633127, 55.7018251], [37.3631407, 55.7007348], [37.355769, 55.6994601], [37.3531674, 55.7018105], [37.3560893, 55.7047715], [37.3514621, 55.7022513], [37.3518141, 55.7001658], [37.347376, 55.6976493], [37.3449652, 55.6983969], [37.3424958, 55.6935804], [37.3438915, 55.6892561], [37.3385424, 55.6872882], [37.3381296, 55.6934062], [37.3294276, 55.6857865], [37.3348271, 55.6824529], [37.3325117, 55.6829408], [37.3309701, 55.6815531], [37.3268711, 55.6829631], [37.3292925, 55.6856526], [37.3262279, 55.68276], [37.3460859, 55.6762989], [37.3489862, 55.678562], [37.3544386, 55.6764784], [37.3611, 55.6820978], [37.3550715, 55.6855232], [37.3579918, 55.6917687], [37.361118, 55.6901108], [37.3596676, 55.6890355], [37.3639508, 55.6877694], [37.3633645, 55.6899639], [37.3679036, 55.6917278], [37.3728959, 55.6911025], [37.371502, 55.6900401], [37.3750421, 55.6889786], [37.3901959, 55.6967759], [37.3936145, 55.6947794], [37.3944338, 55.6964219], [37.4021617, 55.6988389], [37.4116931, 55.6912861], [37.41496, 55.685267], [37.4142093, 55.6820281], [37.417481, 55.6807762], [37.410585, 55.6780483], [37.4040325, 55.6710433], [37.4130736, 55.6674098], [37.4154573, 55.6647647], [37.3941332, 55.6609367], [37.3890614, 55.6619263], [37.3861581, 55.6645757], [37.3805794, 55.6645089], [37.3780033, 55.6594828], [37.370952, 55.6590578], [37.3699988, 55.6679968], [37.3646174, 55.6691244], [37.358244, 55.6660449], [37.3584524, 55.6625761], [37.3528876, 55.6603377], [37.3502376, 55.6611985], [37.3535824, 55.6637243], [37.3480466, 55.6658288], [37.3484908, 55.6629065], [37.3437296, 55.6623024], [37.3415328, 55.6569374], [37.3319963, 55.6596635], [37.3371845, 55.6630316], [37.3195225, 55.664281], [37.3189934, 55.6615431], [37.3240457, 55.6610045], [37.3229081, 55.6508895], [37.3115, 55.6511939], [37.3112033, 55.646572], [37.275391, 55.6495768], [37.2714341, 55.6514792], [37.2657215, 55.6494828], [37.2573516, 55.6492982], [37.240713, 55.6436881], [37.2351277, 55.6374393], [37.2438889, 55.6335642], [37.2350611, 55.6289021], [37.2377009, 55.6274816], [37.2360831, 55.6249375], [37.2320733, 55.6253186], [37.2259652, 55.6232328], [37.2295424, 55.6212725], [37.2275276, 55.6195407], [37.224957, 55.6213901], [37.2223769, 55.6203763], [37.2145561, 55.6227591], [37.2112733, 55.6201053], [37.2068403, 55.622902], [37.1854743, 55.6187847], [37.1867703, 55.6127264], [37.1822467, 55.6128981], [37.1773901, 55.6072624], [37.1720233, 55.6051841], [37.1517971, 55.6042234], [37.1471654, 55.6056719], [37.1461173, 55.6093796], [37.1457541, 55.6082916], [37.1424864, 55.6091606], [37.1326594, 55.6055784], [37.1347813, 55.6013166], [37.132427, 55.5991855], [37.1214873, 55.5998829], [37.1164617, 55.6056356], [37.0957269, 55.6001139], [37.0991754, 55.5960557], [37.0913872, 55.5961923], [37.0949245, 55.5925306], [37.0869749, 55.5903604], [37.0964945, 55.5774029], [37.1146925, 55.5655511], [37.1254702, 55.5499634], [37.1151768, 55.5474463], [37.1135595, 55.538946], [37.1225083, 55.5383655], [37.119922, 55.5314093], [37.1159062, 55.5299985], [37.1198443, 55.5191229], [37.1173937, 55.5188677], [37.1186307, 55.5131369], [37.1369316, 55.5131357], [37.1365525, 55.5158371], [37.1387776, 55.5152055], [37.1361965, 55.5000219], [37.1256159, 55.4972233], [37.1245553, 55.4962334], [37.1268419, 55.495352], [37.1243662, 55.4928122], [37.1289281, 55.4884225], [37.1270968, 55.4873759], [37.1393375, 55.4828383], [37.1364148, 55.4821232], [37.1398129, 55.4734087], [37.1126288, 55.469838], [37.1126712, 55.4689037], [37.0933611, 55.4704043], [37.0922795, 55.4649172], [37.1417996, 55.4430806], [37.1495437, 55.4384775], [37.1413975, 55.4426533], [37.1358267, 55.4406366], [37.1357377, 55.4381618], [37.1339945, 55.443159], [37.1305574, 55.4415681], [37.1244078, 55.4419544], [37.1170058, 55.4380571], [37.1084991, 55.4395122], [37.1125655, 55.4412924], [37.1079402, 55.4450667], [37.1127784, 55.4492266], [37.0998116, 55.4457102], [37.0970779, 55.4426935], [37.0892834, 55.4412316], [37.0872679, 55.4462724], [37.0825219, 55.4454923], [37.0806183, 55.4466848], [37.0814225, 55.4482436], [37.0786002, 55.4500415], [37.0803245, 55.4526986], [37.0586117, 55.4546905], [37.0606131, 55.4626603], [37.0368186, 55.464061], [37.0355766, 55.4584408], [37.0321283, 55.4559566], [37.0200709, 55.4567858], [37.0192337, 55.4451288], [37.0062621, 55.4461459], [37.0033405, 55.4494999], [37.0055731, 55.4505198], [36.9996863, 55.4526079], [36.9962463, 55.4564356], [36.9933152, 55.4566522], [36.9940174, 55.4583184], [36.9895955, 55.459224], [36.9892874, 55.4568512], [36.9839601, 55.457693], [36.9829592, 55.454873], [36.9734462, 55.4554605], [36.9777907, 55.4937419], [36.9350578, 55.4961553], [36.9380657, 55.4990019], [36.9352278, 55.505233], [36.9379678, 55.5070078], [36.9377862, 55.5094618], [36.9360189, 55.5090215], [36.93967, 55.5134773], [36.9374106, 55.5145682], [36.9322712, 55.512135], [36.9197539, 55.5154461], [36.9194745, 55.5058449], [36.8162398, 55.5083513], [36.8152077, 55.4659722], [36.8045117, 55.465508], [36.8031012, 55.4408329], [36.8113604, 55.436299], [36.8191279, 55.426764], [36.8219237, 55.4292788], [36.8282363, 55.4286426], [36.8211988, 55.4252289], [36.8258145, 55.4214344], [36.8420879, 55.4186994], [36.8342961, 55.4139868], [36.8618745, 55.4010347], [36.8482657, 55.3920817], [36.8629346, 55.3847874], [36.8560564, 55.3803316], [36.9016328, 55.3583115], [36.9040847, 55.3570066], [36.9029439, 55.3556966], [36.91557, 55.3540344], [36.9162405, 55.3507965], [36.936134, 55.3412569], [36.9368876, 55.3365924], [36.9391706, 55.3366222], [36.9422175, 55.3325707], [36.9466292, 55.3306699], [36.94473, 55.3293694], [36.9604066, 55.3219045], [36.9636827, 55.3240984], [36.9864415, 55.3155888], [36.9883868, 55.3083172], [36.9846594, 55.301825], [36.9873663, 55.299957], [36.9838119, 55.296971], [36.9933511, 55.2910392], [36.9977408, 55.2915579], [37.0025673, 55.2890093], [37.0126627, 55.2898928], [37.0216065, 55.2887924], [37.021409, 55.2844293], [37.0259868, 55.2843746], [37.0260365, 55.2830207], [37.0212593, 55.2819784], [36.9867967, 55.2763316], [36.9834123, 55.2681383], [36.9804835, 55.2690665], [36.9750672, 55.2662075], [36.9619392, 55.2673536], [36.9525171, 55.2648355], [36.9571023, 55.2607625], [36.9490731, 55.2572346], [36.9477649, 55.2497062], [36.9526161, 55.2492727], [36.9514323, 55.2456509], [36.9427793, 55.2474012], [36.9433328, 55.2447825], [36.9372397, 55.2413907], [36.9494394, 55.2402372], [36.9488563, 55.2343118], [36.9458295, 55.2307229], [36.9496407, 55.2246956], [36.9458962, 55.2228045], [36.9484587, 55.2203112], [36.9470709, 55.2185131], [36.9572593, 55.2166115], [36.9646003, 55.2119494], [36.9616364, 55.2089772], [36.9663044, 55.2053499], [36.9670967, 55.1997366], [36.9757102, 55.1895425], [36.9810681, 55.186116], [36.9826115, 55.1804662], [36.991686, 55.1828537], [36.9972904, 55.1801099], [37.0013515, 55.1814974], [37.0065509, 55.1806037], [37.0103878, 55.1833315], [37.0164739, 55.184019], [37.0197139, 55.1829503], [37.0142189, 55.1773], [37.0180939, 55.1772688], [37.0198904, 55.1611199], [37.0152269, 55.1599986], [37.0274341, 55.1526132], [37.0279371, 55.1501468], [37.0378396, 55.1460157], [37.0392054, 55.1425215], [37.0456319, 55.1421745]]], [[[37.1316021, 56.0164459], [37.1511709, 55.9995486], [37.1491992, 55.9983433], [37.1527368, 55.9930872], [37.1440873, 55.9898821], [37.1487335, 55.9769919], [37.1487736, 55.9702666], [37.1463797, 55.9699697], [37.1455974, 55.9660427], [37.1484048, 55.9656309], [37.1466108, 55.9637194], [37.149624, 55.9622873], [37.1593128, 55.9625217], [37.1659944, 55.9585137], [37.1691449, 55.9588613], [37.1686421, 55.9607015], [37.1713813, 55.9607034], [37.1748638, 55.9574757], [37.1825098, 55.9587334], [37.1844112, 55.9573578], [37.1832438, 55.9542512], [37.1864035, 55.9530893], [37.1888245, 55.9561139], [37.1952343, 55.9537653], [37.1959052, 55.9547182], [37.202851, 55.9532172], [37.2023482, 55.9485977], [37.2174548, 55.9480078], [37.2207934, 55.9540293], [37.2185558, 55.9552062], [37.2193881, 55.9571182], [37.2172453, 55.9579073], [37.212592, 55.9558441], [37.2056397, 55.9631208], [37.2115659, 55.9671511], [37.2076749, 55.9687217], [37.2085291, 55.9700967], [37.2124004, 55.9692435], [37.2131413, 55.9701733], [37.2113032, 55.9704557], [37.2128397, 55.9765963], [37.2170014, 55.9759938], [37.2205147, 55.9813061], [37.2237723, 55.9817038], [37.233266, 55.9784951], [37.2358184, 55.9797992], [37.2419261, 55.979338], [37.25327, 55.9704143], [37.2524878, 55.9678978], [37.2622617, 55.9668768], [37.2682913, 55.9678065], [37.2611094, 55.9680672], [37.2677431, 55.9819338], [37.2651738, 55.9830376], [37.2644583, 55.9871372], [37.263013, 55.9885432], [37.2555496, 55.9872614], [37.2537923, 55.9882694], [37.2605622, 55.9931426], [37.2484437, 55.9978412], [37.2463117, 56.0008098], [37.2423008, 56.0002817], [37.2106648, 56.0124305], [37.2073752, 56.0171497], [37.2032502, 56.0154857], [37.1889779, 56.0212238], [37.1846559, 56.0201612], [37.1852849, 56.0189154], [37.1776116, 56.0151322], [37.1617302, 56.0132212], [37.1588626, 56.0137002], [37.158256, 56.0179977], [37.1505203, 56.0164989], [37.1360907, 56.0191079], [37.1316021, 56.0164459]]], [[[36.8880788, 55.7344361], [36.8895754, 55.7330266], [36.9141952, 55.7328392], [36.9189142, 55.7310489], [36.9179714, 55.7332861], [36.921103, 55.7327174], [36.9240181, 55.7366716], [36.911097, 55.7360731], [36.9108092, 55.7384444], [36.9071347, 55.7384916], [36.9051721, 55.7412321], [36.9083325, 55.7412362], [36.9108929, 55.7384664], [36.9111224, 55.7361227], [36.9242829, 55.7367662], [36.9342426, 55.7432251], [36.9381657, 55.7539272], [36.9441981, 55.7546662], [36.9489123, 55.7499963], [36.9450784, 55.7481959], [36.9458016, 55.7454798], [36.9414749, 55.7422287], [36.9411824, 55.7389466], [36.9363182, 55.7394177], [36.9354882, 55.7369933], [36.9462858, 55.7366174], [36.9476722, 55.7317613], [36.9619978, 55.7327527], [36.9638402, 55.7361599], [36.9763911, 55.7384217], [36.9743208, 55.7411057], [36.9775837, 55.7421556], [36.9813821, 55.7386657], [36.9900524, 55.739648], [36.9891432, 55.7414516], [36.9927944, 55.7414164], [36.9925202, 55.7398484], [36.9839527, 55.7385296], [36.9895569, 55.734738], [36.9953439, 55.73834], [37.0056864, 55.7396562], [37.0031706, 55.7351713], [36.9993559, 55.7383563], [36.9942712, 55.7365282], [36.9908558, 55.7334623], [36.9935544, 55.7315609], [36.9856481, 55.7273289], [36.9797216, 55.7347561], [36.9738432, 55.7362565], [36.9652517, 55.7354494], [36.9620864, 55.7299294], [36.9625675, 55.7277732], [36.9679937, 55.7278057], [36.9912379, 55.7189466], [36.9967025, 55.7192609], [36.9998871, 55.7229565], [37.0060733, 55.7253243], [37.0093235, 55.7229842], [37.0083235, 55.7198193], [37.01214, 55.7204247], [37.0116706, 55.7158647], [37.0173715, 55.7156616], [37.0148396, 55.7107633], [37.0242523, 55.7095857], [37.0206459, 55.7069193], [37.0094324, 55.7074907], [37.0132216, 55.7121589], [37.0110243, 55.7152286], [37.0066907, 55.7158303], [36.9989761, 55.713186], [37.0033641, 55.7107485], [37.0020443, 55.7080848], [37.0002415, 55.7078854], [36.997908, 55.712477], [36.9920438, 55.7120899], [37.0041736, 55.7054131], [37.0172354, 55.7053671], [37.0201063, 55.7067931], [37.034692, 55.7062296], [37.0352703, 55.7075022], [37.0291475, 55.7118178], [37.0246619, 55.7097268], [37.0275145, 55.7123285], [37.0338403, 55.7139869], [37.0379436, 55.7091739], [37.0545397, 55.7097566], [37.0583929, 55.712052], [37.0616544, 55.7203735], [37.067831, 55.7226277], [37.0786834, 55.7151034], [37.1130095, 55.7161027], [37.1120866, 55.7170626], [37.1167376, 55.7199401], [37.123073, 55.7211971], [37.1192901, 55.7238615], [37.1277753, 55.7280823], [37.1220161, 55.7348608], [37.1116255, 55.7380078], [37.1073875, 55.7415743], [37.0926626, 55.7436215], [37.0898966, 55.741271], [37.0860434, 55.7415987], [37.0798139, 55.7356354], [37.0820508, 55.7326723], [37.0943655, 55.7285632], [37.0963138, 55.7315862], [37.1050592, 55.7323771], [37.1029667, 55.7341241], [37.1077483, 55.7346874], [37.1110675, 55.7321848], [37.1159693, 55.7361039], [37.1206692, 55.7327319], [37.1145406, 55.7278156], [37.1017456, 55.7254571], [37.0969688, 55.7259691], [37.095059, 55.7280794], [37.0809499, 55.7279196], [37.0737775, 55.7301381], [37.070237, 55.7290194], [37.0682166, 55.7228916], [37.0546273, 55.7235495], [37.0486238, 55.7212222], [37.0540308, 55.7201737], [37.0529802, 55.7182592], [37.0413966, 55.7191913], [37.0478618, 55.7217625], [37.0467747, 55.7268231], [37.038907, 55.7316322], [37.0272512, 55.7335201], [37.0240186, 55.7322579], [37.0248364, 55.7337855], [37.0291177, 55.7339643], [37.0219665, 55.7349139], [37.0244968, 55.7404846], [37.0204704, 55.7454183], [37.0101808, 55.7463877], [37.0013729, 55.7416572], [36.9993958, 55.7436096], [37.0081556, 55.7477279], [37.0060342, 55.749596], [36.9959948, 55.7473461], [36.9926082, 55.7491656], [36.9951626, 55.74769], [36.9920502, 55.7447089], [36.9861771, 55.7445116], [36.9850081, 55.7454836], [36.9911174, 55.7484322], [36.9845415, 55.7502597], [36.9873075, 55.7517866], [36.9869564, 55.7546642], [36.9827135, 55.7576446], [36.9836419, 55.758684], [36.9787545, 55.7604866], [36.974935, 55.7572142], [36.9807915, 55.7559098], [36.9781789, 55.7511847], [36.9718338, 55.7521907], [36.9720134, 55.7539217], [36.9703896, 55.7495426], [36.9681319, 55.7495498], [36.9669592, 55.7474575], [36.9590075, 55.7498752], [36.9606094, 55.7506549], [36.9563714, 55.7539658], [36.9571074, 55.7582455], [36.9593587, 55.755276], [36.9706585, 55.7557498], [36.9718082, 55.757945], [36.968056, 55.7600373], [36.9332186, 55.7544071], [36.9329204, 55.7526366], [36.9210193, 55.7465802], [36.9080791, 55.7487516], [36.9047551, 55.7453943], [36.8997474, 55.7453672], [36.8985833, 55.7418064], [36.8968708, 55.7421693], [36.8992183, 55.7410401], [36.8997282, 55.7337604], [36.8880788, 55.7344361]]], [[[37.8453271, 55.8135622], [37.8502374, 55.808557], [37.8521852, 55.8089604], [37.8563695, 55.8060414], [37.8616973, 55.8086902], [37.8665868, 55.8042107], [37.8841286, 55.8166608], [37.895435, 55.8137604], [37.8999346, 55.8151406], [37.8972431, 55.8182319], [37.8879343, 55.8207108], [37.8737977, 55.8200036], [37.8722522, 55.8224984], [37.8575479, 55.8195725], [37.8573206, 55.8179111], [37.8453271, 55.8135622]]], [[[36.9007522, 55.3148568], [36.9066878, 55.3112747], [36.9110651, 55.3135704], [36.9120093, 55.3167452], [36.9176076, 55.3167744], [36.9226717, 55.3238557], [36.9132967, 55.3259751], [36.9158469, 55.3303256], [36.910332, 55.3313028], [36.9084644, 55.3298632], [36.909091, 55.3199197], [36.9061728, 55.3167452], [36.9039411, 55.3172336], [36.9007522, 55.3148568]]], [[[37.290502, 55.8019897], [37.2931684, 55.7963971], [37.3023539, 55.7986335], [37.3035641, 55.8035588], [37.290502, 55.8019897]]], [[[37.791304, 56.0071472], [37.7968617, 56.0046327], [37.7995073, 56.0061099], [37.798958, 56.0095901], [37.791304, 56.0071472]]], [[[37.7887247, 56.0013886], [37.7901829, 56.0001243], [37.7930205, 56.0011418], [37.7953284, 55.9990248], [37.7977323, 55.99985], [37.7935324, 56.0037672], [37.7887247, 56.0013886]]], [[[37.8685109, 55.8239188], [37.8689418, 55.8228697], [37.8760016, 55.8249027], [37.8685109, 55.8239188]]], [[[37.2885672, 55.6548667], [37.2895784, 55.6519181], [37.292595, 55.6520467], [37.2926457, 55.6547082], [37.2885672, 55.6548667]]]]}}, {"type": "Feature", "properties": {"shapeName": "Moscow Oblast", "shapeISO": "RU-MOS", "shapeID": "28173009B74836580104791", "shapeGroup": "RUS", "shapeType": "ADM1"}, "geometry": {"type": "Polygon", "coordinates": [[[38.6659818, 54.256714], [38.6800128, 54.2585439], [38.6878617, 54.2621181], [38.6938072, 54.2628289], [38.6960927, 54.258976], [38.7036142, 54.2612941], [38.7069567, 54.2680261], [38.7156457, 54.271418], [38.7132434, 54.2736335], [38.705648, 54.2728099], [38.7199325, 54.284554], [38.7140162, 54.2865797], [38.7067088, 54.2863529], [38.7036197, 54.2908002], [38.7105283, 54.3006417], [38.704104, 54.3162633], [38.7127712, 54.3330888], [38.7048645, 54.343086], [38.7129832, 54.3485324], [38.7431074, 54.3538014], [38.7781344, 54.3635743], [38.7739308, 54.3743728], [38.7939289, 54.376029], [38.8195781, 54.3746255], [38.8215629, 54.3829296], [38.8298758, 54.383544], [38.8350984, 54.392948], [38.8497218, 54.3873834], [38.8546296, 54.386906], [38.8581959, 54.3804603], [38.8579184, 54.3701318], [38.8771427, 54.3711866], [38.8773646, 54.3835509], [38.8753316, 54.3882314], [38.8699131, 54.3920786], [38.8895135, 54.402096], [38.902814, 54.4035289], [38.901906, 54.4008748], [38.9056008, 54.4003695], [38.9140072, 54.4022686], [38.9184773, 54.405115], [38.9406483, 54.4079886], [38.9316017, 54.4233887], [38.9306667, 54.4392803], [38.8925009, 54.4393106], [38.8803523, 54.4412877], [38.8771364, 54.4491114], [38.86936, 54.4510192], [38.8668866, 54.4472133], [38.8638415, 54.4475544], [38.8592908, 54.4538166], [38.8558425, 54.455758], [38.8544033, 54.4548648], [38.8534801, 54.4573523], [38.8506667, 54.4552564], [38.8486154, 54.4572513], [38.8412181, 54.4570986], [38.8330776, 54.4591989], [38.830794, 54.4556117], [38.8268433, 54.4560431], [38.8232208, 54.4586565], [38.825981, 54.4602223], [38.8251772, 54.4628246], [38.8009489, 54.4534272], [38.7995139, 54.4700605], [38.7819367, 54.4786308], [38.7787912, 54.4784471], [38.7866184, 54.4822249], [38.7859277, 54.4906087], [38.7880403, 54.4935432], [38.8035263, 54.4979745], [38.8051321, 54.5012685], [38.8012612, 54.5149561], [38.8082166, 54.5243615], [38.8188218, 54.528489], [38.8372966, 54.5255976], [38.8503913, 54.5316776], [38.8523421, 54.5342311], [38.8512127, 54.5404964], [38.8465253, 54.5429835], [38.8342741, 54.5423131], [38.8142963, 54.5378699], [38.808944, 54.537871], [38.798041, 54.544979], [38.7970105, 54.551414], [38.8075431, 54.561105], [38.8238257, 54.5652339], [38.8232654, 54.5689073], [38.828732, 54.5664317], [38.8342854, 54.5692185], [38.8226318, 54.5790309], [38.8242629, 54.5822208], [38.8332701, 54.583774], [38.8369755, 54.5874228], [38.8318402, 54.6007699], [38.826603, 54.6070536], [38.8371187, 54.611573], [38.8434261, 54.6215439], [38.8490231, 54.6256199], [38.8520592, 54.6258154], [38.8573579, 54.6231978], [38.8646313, 54.6151558], [38.8678667, 54.6148286], [38.8763953, 54.6180826], [38.8804741, 54.6161383], [38.8838956, 54.6163506], [38.8929705, 54.6235286], [38.9030495, 54.6267145], [38.9142192, 54.6282873], [38.9221635, 54.6310857], [38.9301151, 54.6284398], [38.9383896, 54.6344734], [38.9465053, 54.6342408], [38.952932, 54.6175103], [38.9524964, 54.609956], [38.9666669, 54.6057657], [38.9717641, 54.6009771], [38.9771561, 54.6042425], [38.9792019, 54.6106748], [38.9837625, 54.6111946], [38.9939669, 54.6159271], [38.9944204, 54.6192849], [38.9905384, 54.6228692], [38.9928968, 54.6281082], [39.0236102, 54.6411203], [39.0328297, 54.6394894], [39.0349771, 54.6436492], [39.0414977, 54.6417785], [39.0420012, 54.6368822], [39.0447732, 54.6354044], [39.0610369, 54.6381378], [39.0820557, 54.6344696], [39.0839124, 54.6351098], [39.082991, 54.6371676], [39.0957768, 54.6443733], [39.0956679, 54.6461178], [39.0999549, 54.6460406], [39.1097381, 54.6408801], [39.1112281, 54.6328502], [39.1259566, 54.6325056], [39.1319502, 54.6346588], [39.1269603, 54.6416541], [39.1273523, 54.6459337], [39.1366051, 54.6452069], [39.1384761, 54.646359], [39.1401241, 54.643767], [39.1504937, 54.6430673], [39.1565885, 54.6511733], [39.1538604, 54.6559367], [39.1628133, 54.6608409], [39.1647124, 54.6557598], [39.1707014, 54.6545837], [39.1695701, 54.6498016], [39.1822822, 54.6380538], [39.1939278, 54.6419304], [39.2106494, 54.6386213], [39.2215873, 54.6387251], [39.2260634, 54.6357028], [39.2315979, 54.63764], [39.2342654, 54.6415887], [39.2303478, 54.6440028], [39.2318114, 54.6465796], [39.2470448, 54.6457979], [39.2435468, 54.653923], [39.2564819, 54.6594972], [39.2540549, 54.6680887], [39.2564024, 54.6697126], [39.2562073, 54.6733219], [39.2513826, 54.6757098], [39.2563206, 54.6775577], [39.2504979, 54.6799135], [39.2388951, 54.6786856], [39.2384261, 54.6814804], [39.232416, 54.6841274], [39.2340351, 54.6868373], [39.2402129, 54.6894596], [39.2389213, 54.6934138], [39.2407089, 54.6959162], [39.2351027, 54.7041171], [39.237409, 54.7071513], [39.2316183, 54.7101241], [39.2313706, 54.7127814], [39.2349309, 54.7155066], [39.2320554, 54.7186113], [39.2455716, 54.7249057], [39.2456112, 54.7318686], [39.2543589, 54.7337641], [39.2669057, 54.7335602], [39.2682163, 54.7358397], [39.3004914, 54.7352702], [39.3046872, 54.7243383], [39.3274501, 54.725509], [39.3369071, 54.7190354], [39.3422897, 54.721357], [39.330501, 54.7313979], [39.3513877, 54.7367461], [39.370879, 54.7473725], [39.3689267, 54.752981], [39.3612879, 54.7556456], [39.3219552, 54.7537104], [39.3182586, 54.7568972], [39.3278724, 54.7589614], [39.329766, 54.7621125], [39.3335547, 54.7614936], [39.3352334, 54.7629478], [39.3334952, 54.775429], [39.3377418, 54.7745161], [39.3413154, 54.7770972], [39.3486241, 54.7783263], [39.3532932, 54.7822604], [39.3556288, 54.7813601], [39.3628209, 54.7827288], [39.3584528, 54.7849794], [39.361286, 54.7998273], [39.3643038, 54.8001083], [39.3697159, 54.8081378], [39.3872116, 54.8239073], [39.3857913, 54.8269635], [39.4151771, 54.8399126], [39.3894861, 54.8543], [39.3986015, 54.866246], [39.4057165, 54.8662997], [39.4079332, 54.8685795], [39.4171788, 54.8697824], [39.4353774, 54.877063], [39.4295274, 54.8861325], [39.4470823, 54.8880981], [39.4509692, 54.890557], [39.466207, 54.892387], [39.4605497, 54.8983659], [39.4613828, 54.9019581], [39.4864987, 54.9014258], [39.4736724, 54.9095008], [39.4809362, 54.9128292], [39.4819863, 54.9170415], [39.4764213, 54.9212549], [39.4694293, 54.9185467], [39.4662298, 54.9218227], [39.4655498, 54.9314455], [39.4748021, 54.9368395], [39.4751663, 54.9458661], [39.5041557, 54.957786], [39.5144304, 54.9673597], [39.5205833, 54.9697545], [39.5216674, 54.9762392], [39.5175185, 54.9838773], [39.5237562, 54.9860569], [39.5321342, 54.9844227], [39.5376897, 54.9873261], [39.5490974, 54.988852], [39.565195, 54.9875875], [39.6028846, 54.9880133], [39.6175838, 55.0003833], [39.6253677, 55.0250803], [39.6695682, 55.0254255], [39.6692176, 55.0139728], [39.7012609, 55.0079718], [39.7012784, 55.005641], [39.7699727, 55.0039715], [39.7737339, 55.0350445], [39.7956843, 55.0306122], [39.7909894, 55.0216058], [39.804256, 55.0052163], [39.818155, 55.0343639], [39.8470856, 55.0822356], [39.8494137, 55.0827973], [39.8486059, 55.0849256], [39.8625646, 55.1111421], [39.859603, 55.1137152], [39.8342559, 55.1156081], [39.8286725, 55.1205127], [39.8231044, 55.1360545], [39.8077326, 55.134428], [39.7990592, 55.1376079], [39.7874518, 55.1277459], [39.7809262, 55.1254821], [39.7751373, 55.116365], [39.7559655, 55.1194703], [39.7056389, 55.1174141], [39.7151437, 55.130186], [39.7384322, 55.1470855], [39.7539382, 55.1504121], [39.754964, 55.1563087], [39.7684922, 55.1664483], [39.7719971, 55.1748691], [39.784906, 55.1787925], [39.7845029, 55.1861897], [39.8057816, 55.1880525], [39.8131814, 55.1908479], [39.8126704, 55.1948002], [39.8378543, 55.2045262], [39.8476513, 55.2023706], [39.8823582, 55.2037864], [39.886808, 55.2065519], [39.9004341, 55.2083622], [39.9080145, 55.2122937], [39.9200763, 55.214942], [39.9325242, 55.2133691], [39.938119, 55.215475], [39.9443986, 55.2141091], [39.9459766, 55.2104356], [39.9529968, 55.2074783], [39.9641034, 55.2103417], [39.9681802, 55.2138353], [39.9774164, 55.2114168], [39.9874837, 55.2133185], [39.993914, 55.1998972], [39.9969955, 55.2015087], [39.9970048, 55.2099941], [40.0033913, 55.213541], [40.0029904, 55.2164331], [40.0073889, 55.2206232], [40.0046948, 55.2240767], [40.0248152, 55.2303669], [40.0353597, 55.2419158], [40.0344195, 55.2374609], [40.0372578, 55.2357463], [40.0415935, 55.2361504], [40.0564194, 55.2392576], [40.0620089, 55.2427965], [40.0600588, 55.2448686], [40.0636633, 55.2480671], [40.0940461, 55.2568923], [40.1150261, 55.2581038], [40.1275878, 55.2649885], [40.1546443, 55.2643893], [40.156241, 55.2713819], [40.1520309, 55.2737241], [40.1591678, 55.2753306], [40.1630678, 55.2806354], [40.1795024, 55.3120635], [40.1843651, 55.3144381], [40.2056882, 55.315762], [40.199529, 55.321714], [40.1788993, 55.3348338], [40.2021424, 55.3485537], [40.1909226, 55.3650073], [40.1788334, 55.3939765], [40.1495954, 55.4144846], [40.1487302, 55.4169219], [40.1425691, 55.4181067], [40.1457957, 55.4248449], [40.146332, 55.4344902], [40.140777, 55.4396051], [40.1453979, 55.4458331], [40.1413046, 55.4507267], [40.1523369, 55.4567187], [40.1534035, 55.4605868], [40.1585392, 55.4622774], [40.163063, 55.4602836], [40.1940293, 55.4619133], [40.186747, 55.4676806], [40.1862173, 55.4722438], [40.189964, 55.4770442], [40.195328, 55.4772179], [40.1962338, 55.490908], [40.2001031, 55.4983198], [40.1917497, 55.5037343], [40.1759822, 55.5066245], [40.1711944, 55.5061922], [40.1718304, 55.5117919], [40.167672, 55.5127386], [40.1664781, 55.5164139], [40.1729775, 55.5218966], [40.167802, 55.5266203], [40.1575354, 55.5271377], [40.142822, 55.5237824], [40.1346295, 55.5260499], [40.1337684, 55.5279175], [40.11895, 55.529302], [40.0768285, 55.5253666], [40.0732122, 55.526866], [40.0632389, 55.5255253], [40.0488709, 55.5264979], [40.0478583, 55.5678913], [40.0498831, 55.576097], [40.0468293, 55.5818841], [40.0748379, 55.57724], [40.0757489, 55.5875699], [40.0931635, 55.6076894], [40.0414473, 55.6353208], [40.0469859, 55.6365725], [40.0535896, 55.6553441], [40.0434894, 55.6671862], [40.0144231, 55.6869003], [39.9942816, 55.6876581], [39.9583818, 55.722522], [39.936197, 55.7195043], [39.9333368, 55.7202789], [39.9259402, 55.7331675], [39.9089534, 55.7425642], [39.9030523, 55.7418959], [39.8976515, 55.7544429], [39.8864814, 55.7609851], [39.8907164, 55.7669876], [39.9037451, 55.7736916], [39.896797, 55.7829849], [39.9009903, 55.7899392], [39.9080987, 55.7932964], [39.9060604, 55.7969352], [39.9095784, 55.7976043], [39.9092404, 55.8029286], [39.8973997, 55.8112683], [39.9004767, 55.8139274], [39.9019591, 55.8213414], [39.8923452, 55.8277056], [39.8891021, 55.8331955], [39.8659984, 55.8324309], [39.8540706, 55.838491], [39.8564479, 55.840627], [39.8516642, 55.842217], [39.836252, 55.835779], [39.8338247, 55.840997], [39.8287157, 55.8392578], [39.8238459, 55.8407734], [39.8201, 55.8357097], [39.8052028, 55.8362683], [39.798899, 55.830689], [39.7917232, 55.8296956], [39.788869, 55.8319238], [39.7919186, 55.8378129], [39.7876173, 55.8413507], [39.77194, 55.8391842], [39.755463, 55.841792], [39.7321047, 55.8423529], [39.7311959, 55.8248826], [39.7143852, 55.8234854], [39.7138537, 55.8138684], [39.6967644, 55.8140878], [39.6963728, 55.8043327], [39.7016384, 55.8042351], [39.7034096, 55.7874352], [39.6606245, 55.7857249], [39.6607636, 55.7953936], [39.6437894, 55.7956988], [39.6440391, 55.805206], [39.6279091, 55.8054481], [39.627515, 55.7990245], [39.594891, 55.798161], [39.5950282, 55.7886378], [39.5234244, 55.7873539], [39.5211385, 55.7452268], [39.4828414, 55.7449934], [39.4702746, 55.7469903], [39.4722028, 55.7504125], [39.4688573, 55.7511842], [39.4700788, 55.7735567], [39.4236417, 55.773447], [39.4372779, 55.7807799], [39.4293878, 55.7819665], [39.4061717, 55.7781878], [39.4027621, 55.7858035], [39.3896464, 55.7857226], [39.3813406, 55.7765237], [39.3793874, 55.7772764], [39.3595612, 55.7697641], [39.3519055, 55.7685624], [39.3258435, 55.7730178], [39.3193536, 55.7845788], [39.3210723, 55.8028116], [39.308908, 55.805798], [39.295963, 55.8320328], [39.3100779, 55.8423414], [39.3271684, 55.848], [39.3264508, 55.8567633], [39.3335777, 55.862737], [39.3271743, 55.8648631], [39.3203693, 55.8642168], [39.3194713, 55.86256], [39.311794, 55.8606687], [39.3063668, 55.8606636], [39.2803726, 55.850979], [39.2768299, 55.8414368], [39.2596305, 55.8406302], [39.240604, 55.8454602], [39.2048308, 55.8421426], [39.1996719, 55.8456317], [39.1949094, 55.8432883], [39.1901036, 55.8467792], [39.184405, 55.8467221], [39.1769196, 55.843547], [39.1760556, 55.8389788], [39.1676603, 55.8400382], [39.1500446, 55.8549078], [39.1468617, 55.8534973], [39.1434092, 55.8540421], [39.1349851, 55.8495136], [39.1376705, 55.8459278], [39.1247264, 55.8473507], [39.1238297, 55.8463387], [39.1213635, 55.8478279], [39.1172823, 55.8456985], [39.1098089, 55.8469069], [39.1076039, 55.8450275], [39.1009096, 55.8467188], [39.1035851, 55.8602778], [39.087574, 55.8636967], [39.0734505, 55.860906], [39.0714178, 55.8583779], [39.0591702, 55.8573439], [39.0593028, 55.8605933], [39.0543099, 55.8627462], [39.0609238, 55.8666422], [39.0663013, 55.8655279], [39.0751246, 55.8687463], [39.0769898, 55.8729424], [39.0736613, 55.8783805], [39.0775187, 55.880623], [39.0650011, 55.8835419], [39.0643482, 55.8866442], [39.0604609, 55.8894108], [39.0646363, 55.8916087], [39.0633357, 55.8938961], [39.0535653, 55.8913272], [39.054618, 55.8930722], [39.051542, 55.89569], [39.0533251, 55.8998014], [39.0492456, 55.9026205], [39.0288814, 55.9082862], [39.031731, 55.9122539], [39.0382026, 55.9108737], [39.041611, 55.9182211], [39.0465529, 55.9184019], [39.0487879, 55.9213466], [39.0540501, 55.9219713], [39.0547805, 55.926294], [39.0586556, 55.927002], [39.0530438, 55.9301355], [39.0575716, 55.928698], [39.0618112, 55.929747], [39.058616, 55.9312839], [39.0645971, 55.9317473], [39.0568124, 55.9342429], [39.0617955, 55.934678], [39.0618931, 55.9364843], [39.059626, 55.9353897], [39.0581874, 55.9367402], [39.0612951, 55.9379994], [39.0581885, 55.9385619], [39.059539, 55.9398112], [39.0570924, 55.9421055], [39.0539528, 55.9420436], [39.0552507, 55.9404064], [39.0528981, 55.9403154], [39.0501761, 55.9267622], [39.0425635, 55.9214295], [39.032259, 55.9228323], [39.0230328, 55.9267961], [39.0136507, 55.9285199], [39.0098512, 55.9312619], [39.0114413, 55.9339737], [39.0080758, 55.9362133], [39.016748, 55.9441016], [39.0241264, 55.9423367], [39.0278851, 55.938878], [39.0244017, 55.9372493], [39.0283618, 55.9351728], [39.031607, 55.9357905], [39.0419425, 55.9420606], [39.049121, 55.9428956], [39.0442017, 55.9501167], [39.0390252, 55.9503652], [39.0294624, 55.9445295], [39.0243923, 55.9460889], [39.0202382, 55.9504109], [39.0084367, 55.949303], [39.0006818, 55.9424111], [38.9884636, 55.9392694], [38.9590758, 55.9350673], [38.9572, 55.9309546], [38.9305318, 55.934026], [38.9194152, 55.9335255], [38.9185817, 55.9359117], [38.9060814, 55.9415501], [38.9006446, 55.9470654], [38.8901305, 55.9445409], [38.885039, 55.9451996], [38.8665602, 55.9300964], [38.8382112, 55.913746], [38.8316206, 55.9203386], [38.8299892, 55.9198753], [38.8240561, 55.9298071], [38.8163112, 55.9325728], [38.806929, 55.9404211], [38.7918168, 55.9444156], [38.7752999, 55.9519101], [38.7372849, 55.9749732], [38.7329349, 55.9756104], [38.7314302, 55.9798749], [38.6920284, 55.9889255], [38.611132, 55.9769048], [38.5979813, 55.9812553], [38.5956195, 55.9866336], [38.591464, 55.9877737], [38.5894142, 55.9909956], [38.5821789, 55.9900655], [38.5785754, 55.9915865], [38.5790775, 55.9932405], [38.5732421, 55.9943187], [38.5772115, 55.9940359], [38.5803204, 55.9954958], [38.5760021, 55.9986823], [38.5774279, 56.0004819], [38.580838, 55.9989883], [38.5863984, 56.0007362], [38.5851549, 56.0028857], [38.5901897, 56.0033939], [38.5887433, 56.0050652], [38.5941477, 56.0049437], [38.598523, 56.0122057], [38.6030644, 56.0109645], [38.6125751, 56.015099], [38.6093657, 56.0167668], [38.6062237, 56.014272], [38.6059377, 56.0158125], [38.6037099, 56.0149135], [38.599516, 56.0176472], [38.6006844, 56.019331], [38.5938235, 56.020122], [38.5962077, 56.0220997], [38.594052, 56.0218066], [38.589286, 56.0248316], [38.5916053, 56.0269848], [38.5965793, 56.0279443], [38.5933279, 56.0298442], [38.5947526, 56.0320174], [38.590658, 56.0330119], [38.5936767, 56.0360822], [38.5905119, 56.0374035], [38.5901634, 56.0401372], [38.5949964, 56.0425583], [38.5935953, 56.0440015], [38.5850385, 56.0426721], [38.5828158, 56.0451984], [38.5864386, 56.0535462], [38.584898, 56.0554368], [38.5802663, 56.0562579], [38.5805911, 56.0580312], [38.5788487, 56.057009], [38.5753627, 56.0587427], [38.5743501, 56.0574114], [38.5735821, 56.0590505], [38.5714895, 56.0569315], [38.5680762, 56.0589753], [38.5618687, 56.0573883], [38.5624591, 56.058779], [38.556852, 56.0611742], [38.5521063, 56.0627001], [38.5498916, 56.0616805], [38.5459483, 56.0649451], [38.5452018, 56.0705499], [38.5428714, 56.0716401], [38.5452539, 56.074307], [38.5429328, 56.0767864], [38.530566, 56.078399], [38.5365077, 56.081005], [38.5292933, 56.0909269], [38.530941, 56.0951645], [38.5365403, 56.0964951], [38.5355106, 56.1003432], [38.5328135, 56.0995057], [38.5288221, 56.102716], [38.5332151, 56.1146132], [38.5250007, 56.1175639], [38.522155, 56.1165004], [38.5197701, 56.119645], [38.5158835, 56.1206749], [38.5123644, 56.1263733], [38.5129957, 56.130664], [38.5103523, 56.1327097], [38.512383, 56.135693], [38.5166766, 56.1367479], [38.5167478, 56.1393839], [38.5201469, 56.1395051], [38.5226839, 56.1417194], [38.5201332, 56.1430922], [38.5197287, 56.1481185], [38.5149471, 56.1494248], [38.5198506, 56.1532023], [38.5129928, 56.156358], [38.5098833, 56.1616303], [38.513601, 56.1649195], [38.5106296, 56.1687123], [38.5157173, 56.1721141], [38.5210409, 56.1821464], [38.5020225, 56.1827544], [38.5033649, 56.1879864], [38.5010887, 56.1892904], [38.511671, 56.1926945], [38.512586, 56.1963986], [38.5097151, 56.1996923], [38.5146608, 56.2022096], [38.514841, 56.2046126], [38.5190541, 56.2056482], [38.5201773, 56.2084273], [38.5275696, 56.2108368], [38.5280326, 56.2134657], [38.5034472, 56.2178315], [38.4999227, 56.2164392], [38.4914829, 56.2049276], [38.4873154, 56.2070339], [38.4813198, 56.2061773], [38.4736434, 56.2026641], [38.471314, 56.204448], [38.4673366, 56.2045011], [38.4594541, 56.2026174], [38.4568871, 56.2085609], [38.4479298, 56.2116634], [38.4422019, 56.2247631], [38.4345811, 56.2257055], [38.4306694, 56.2296304], [38.423833, 56.2310622], [38.4209957, 56.23433], [38.4142879, 56.2355799], [38.4162296, 56.2445122], [38.4095715, 56.2515247], [38.4155338, 56.2542807], [38.4029957, 56.2550854], [38.4037133, 56.25735], [38.4013033, 56.25754], [38.4037822, 56.263878], [38.3961834, 56.2661774], [38.3982421, 56.271487], [38.4035433, 56.2713906], [38.4106255, 56.275151], [38.3969903, 56.2831829], [38.4071881, 56.2825465], [38.416878, 56.2841401], [38.4177752, 56.2823472], [38.4358048, 56.2922281], [38.4351795, 56.3001713], [38.4335522, 56.2999606], [38.43861, 56.3126925], [38.4271478, 56.3179161], [38.4253377, 56.3162031], [38.4181746, 56.3184013], [38.4182813, 56.3200277], [38.4145732, 56.3213803], [38.4173876, 56.3242773], [38.4129629, 56.3277814], [38.4185924, 56.3293548], [38.4157118, 56.3313202], [38.4178716, 56.3317353], [38.4166717, 56.3344277], [38.4191926, 56.3354668], [38.4175288, 56.3361097], [38.4192894, 56.337994], [38.4147598, 56.3399066], [38.4158321, 56.3426671], [38.4215606, 56.3440493], [38.422418, 56.3603406], [38.4462512, 56.3870797], [38.4426583, 56.3921484], [38.4382625, 56.3944276], [38.4296731, 56.395693], [38.4112439, 56.3938233], [38.4048547, 56.3962221], [38.4027213, 56.40129], [38.3951427, 56.3999818], [38.3817863, 56.4006346], [38.3879592, 56.4087109], [38.3923232, 56.4092801], [38.3941596, 56.4119993], [38.3895482, 56.4130282], [38.3912684, 56.4159808], [38.3894756, 56.4188368], [38.3959096, 56.4239939], [38.391384, 56.4267898], [38.3964857, 56.4324518], [38.4152146, 56.4330691], [38.4139802, 56.4354327], [38.401212, 56.4416017], [38.4013565, 56.4470465], [38.398385, 56.447646], [38.4008026, 56.4539146], [38.3943478, 56.4597645], [38.3907252, 56.4597963], [38.3924111, 56.4583857], [38.377495, 56.4561561], [38.374971, 56.4599568], [38.3652409, 56.4635655], [38.3542849, 56.4527986], [38.3482383, 56.4558399], [38.3505038, 56.4587246], [38.3402803, 56.4602752], [38.3491254, 56.4639501], [38.3419343, 56.4715893], [38.3455299, 56.4763248], [38.3430407, 56.4810597], [38.3341901, 56.4828924], [38.3192549, 56.4827397], [38.3189783, 56.4867103], [38.312617, 56.4902224], [38.30349, 56.4905278], [38.2984363, 56.4949604], [38.3076386, 56.5013674], [38.3359044, 56.5055031], [38.3339536, 56.5089188], [38.3375733, 56.5090589], [38.340938, 56.5133174], [38.339228, 56.5151778], [38.3358081, 56.5176492], [38.3319787, 56.5151246], [38.3217188, 56.5129321], [38.31748, 56.5146861], [38.3098453, 56.514912], [38.3045145, 56.5113249], [38.297388, 56.510653], [38.29495, 56.5124567], [38.2993488, 56.5188839], [38.2891935, 56.5185817], [38.2906302, 56.5166391], [38.2888141, 56.5160406], [38.2872252, 56.5183372], [38.2827033, 56.5185176], [38.2758661, 56.5241975], [38.2695737, 56.5225597], [38.2681027, 56.5247685], [38.2797887, 56.5268719], [38.2737897, 56.5318043], [38.2757774, 56.5335515], [38.2856818, 56.5314937], [38.2857681, 56.5424134], [38.2992888, 56.5475391], [38.3132839, 56.5495185], [38.3097994, 56.5550777], [38.3178384, 56.5588752], [38.3172642, 56.5612484], [38.3244419, 56.5598245], [38.3386392, 56.5636333], [38.3587511, 56.5732704], [38.3629157, 56.5814518], [38.3574591, 56.5969077], [38.3448457, 56.5983364], [38.330983, 56.6038127], [38.3299724, 56.6069479], [38.3353011, 56.6095772], [38.3335555, 56.6157453], [38.339711, 56.6172113], [38.3384248, 56.6286849], [38.344648, 56.6307426], [38.3392516, 56.6315148], [38.3332798, 56.6382856], [38.317845, 56.6422768], [38.3148131, 56.6450552], [38.3157319, 56.6519244], [38.3136188, 56.6557121], [38.3181307, 56.658578], [38.3147356, 56.6766878], [38.3014476, 56.6982403], [38.3049969, 56.6982333], [38.3038944, 56.7029747], [38.3057319, 56.7044878], [38.3140925, 56.7036808], [38.3189618, 56.7107916], [38.3195365, 56.721839], [38.3031595, 56.7390199], [38.3043538, 56.7599757], [38.296912, 56.7646086], [38.2982901, 56.7658674], [38.2795478, 56.7756849], [38.2719165, 56.7736072], [38.2442987, 56.7934634], [38.2507163, 56.7653759], [38.241535, 56.760653], [38.2175572, 56.7718949], [38.2060838, 56.7725115], [38.1971457, 56.7683303], [38.1641733, 56.7678386], [38.1563227, 56.7727552], [38.1390515, 56.7714032], [38.135014, 56.7691907], [38.1289579, 56.7700512], [38.1206587, 56.7646424], [38.1092193, 56.7636589], [38.1125838, 56.7615689], [38.1038361, 56.7597247], [38.0674991, 56.7614459], [38.060104, 56.7525067], [38.061499, 56.7500896], [38.0501312, 56.7532365], [38.0515667, 56.7678723], [38.0222819, 56.768423], [38.0098174, 56.7714807], [37.9985956, 56.7674789], [37.9927099, 56.7673216], [37.9940019, 56.8229022], [37.9833258, 56.8252926], [37.9782727, 56.8374566], [37.9777215, 56.849466], [37.9842816, 56.8494374], [37.9818558, 56.8639325], [37.9840009, 56.865396], [37.9731278, 56.8669456], [37.9526399, 56.8651378], [37.9521805, 56.8672972], [37.9625623, 56.8709628], [37.9593467, 56.8764857], [37.9506186, 56.8783934], [37.9508943, 56.8859731], [37.9428093, 56.8857723], [37.9429931, 56.8879305], [37.9101601, 56.8880069], [37.9105859, 56.8785472], [37.8877257, 56.8781114], [37.8870418, 56.8844171], [37.8792325, 56.8856217], [37.8798756, 56.8926981], [37.8827009, 56.8937807], [37.8754656, 56.8972143], [37.8770275, 56.8986192], [37.8662782, 56.9034858], [37.8573428, 56.906122], [37.8492196, 56.901968], [37.8289201, 56.9048905], [37.8251873, 56.9114402], [37.8092548, 56.9119333], [37.7984616, 56.9088192], [37.7852484, 56.9296753], [37.7629282, 56.9256553], [37.7614478, 56.9298493], [37.7545095, 56.9299456], [37.7508946, 56.9318385], [37.7472184, 56.9354637], [37.7529219, 56.939698], [37.7581847, 56.949991], [37.7346175, 56.9558346], [37.6983069, 56.9585118], [37.6968878, 56.9538212], [37.6786386, 56.9401727], [37.6603352, 56.9458581], [37.6493717, 56.9460705], [37.6495153, 56.9387098], [37.645471, 56.9351013], [37.6247779, 56.9305013], [37.5910676, 56.9297867], [37.5852034, 56.9147382], [37.5761585, 56.9140064], [37.5662771, 56.9161324], [37.5650212, 56.9183952], [37.5482181, 56.9184464], [37.5499021, 56.911046], [37.5415031, 56.9083201], [37.5319578, 56.9094929], [37.5343522, 56.9016448], [37.5298851, 56.8951076], [37.5247392, 56.8925262], [37.534159, 56.8875718], [37.5375896, 56.8818759], [37.5749445, 56.8731774], [37.572813, 56.8720527], [37.572519, 56.8667903], [37.564686, 56.8586373], [37.5640666, 56.8612861], [37.5559082, 56.8654646], [37.5458297, 56.866268], [37.5410763, 56.8615184], [37.5451922, 56.8577012], [37.54146, 56.8526736], [37.5448982, 56.8474128], [37.5480587, 56.8471314], [37.5505439, 56.8447317], [37.5520277, 56.8395338], [37.5460352, 56.8363631], [37.540093, 56.8368174], [37.5157978, 56.8219237], [37.4830076, 56.7876709], [37.4818841, 56.7805915], [37.4774222, 56.7765864], [37.4631139, 56.7769991], [37.4577306, 56.7878123], [37.4608708, 56.7914979], [37.455039, 56.7943233], [37.4536932, 56.7899009], [37.4474127, 56.7896552], [37.4413566, 56.7938319], [37.4429267, 56.7965343], [37.3978926, 56.7898236], [37.3508579, 56.7793526], [37.3428329, 56.7637859], [37.2809509, 56.7754305], [37.2746827, 56.7596847], [37.2491964, 56.7453807], [37.2400752, 56.7474304], [37.2336969, 56.752584], [37.2252607, 56.7670633], [37.2292859, 56.7720224], [37.2370613, 56.7717086], [37.2389874, 56.772929], [37.2430327, 56.7869936], [37.2158839, 56.7830645], [37.2063939, 56.7695131], [37.2025355, 56.7708031], [37.1984692, 56.7684748], [37.1935192, 56.7690511], [37.1826187, 56.7662993], [37.1633076, 56.7752039], [37.1470161, 56.7751927], [37.1016405, 56.7686119], [37.105847, 56.7609185], [37.0668314, 56.7556214], [37.123451, 56.7267806], [37.1267966, 56.719776], [37.1378164, 56.7110701], [37.1742501, 56.6964249], [37.1708838, 56.6943529], [37.1542957, 56.6905627], [37.1592751, 56.6821648], [37.1552056, 56.682017], [37.1537077, 56.6784312], [37.1431822, 56.6782795], [37.1465975, 56.676401], [37.1448265, 56.6750243], [37.1401662, 56.6746495], [37.1404756, 56.6776756], [37.1371517, 56.6775805], [37.1348116, 56.6729137], [37.1361906, 56.6707701], [37.1315431, 56.6708242], [37.1300137, 56.6691206], [37.130448, 56.6672656], [37.1347357, 56.6664866], [37.1396134, 56.6620039], [37.1429205, 56.6627778], [37.1431267, 56.665336], [37.1460784, 56.6666145], [37.1488187, 56.6629298], [37.1585108, 56.6623544], [37.1596602, 56.658896], [37.1569285, 56.655916], [37.1591022, 56.6519861], [37.149564, 56.6548835], [37.148682, 56.653328], [37.1542617, 56.6489768], [37.1430005, 56.6493533], [37.1338856, 56.6465708], [37.1285777, 56.6464881], [37.1225085, 56.6445187], [37.1213283, 56.6410808], [37.1149927, 56.6407185], [37.1206509, 56.6320398], [37.1280147, 56.6269772], [37.1281583, 56.623803], [37.1339409, 56.6205078], [37.1277033, 56.6134154], [37.1352594, 56.6101459], [37.1262907, 56.6016119], [37.1339438, 56.5999543], [37.1444898, 56.5947984], [37.1428303, 56.5931528], [37.1478516, 56.5901943], [37.1475785, 56.5868672], [37.1431557, 56.5821698], [37.1381702, 56.5802524], [37.1392031, 56.5763967], [37.133346, 56.5755574], [37.1305438, 56.571477], [37.1262326, 56.5710923], [37.1227248, 56.5685034], [37.1219719, 56.5599719], [37.1182725, 56.5578776], [37.1177258, 56.5550484], [37.1005606, 56.5494305], [37.0988061, 56.5455062], [37.1010215, 56.5455246], [37.1033948, 56.5488001], [37.1058215, 56.5466221], [37.0982148, 56.5404088], [37.0937498, 56.5400499], [37.0822676, 56.5450688], [37.0718349, 56.545359], [37.0712488, 56.5464295], [37.0710125, 56.544326], [37.0743552, 56.5424544], [37.0726397, 56.5397968], [37.0588483, 56.5312525], [37.0538871, 56.5313956], [37.0555477, 56.526247], [37.0448217, 56.5270145], [37.0374257, 56.5337216], [37.0318153, 56.5338426], [37.0183375, 56.5382683], [36.9963746, 56.5403954], [36.9829288, 56.546381], [36.9697959, 56.5468835], [36.9709271, 56.5645292], [36.967094, 56.5661583], [36.9613883, 56.5657411], [36.9338561, 56.5703881], [36.9220941, 56.5693685], [36.9165772, 56.5702749], [36.8989098, 56.5757954], [36.8917073, 56.5833564], [36.8861351, 56.5847154], [36.883481, 56.5791096], [36.8805898, 56.5781078], [36.8342726, 56.5905452], [36.8294994, 56.5897287], [36.8235661, 56.590776], [36.8166382, 56.5951406], [36.8069224, 56.5952826], [36.803018, 56.5974755], [36.8009382, 56.5932521], [36.8054192, 56.5903445], [36.8130779, 56.5791033], [36.8038167, 56.5735838], [36.8003708, 56.5686151], [36.7853113, 56.5681927], [36.7513789, 56.5546205], [36.7498096, 56.5533214], [36.7530964, 56.5517109], [36.7408072, 56.546422], [36.6773014, 56.5327027], [36.6528698, 56.5232231], [36.6699406, 56.5134679], [36.6817212, 56.498062], [36.6741688, 56.4982076], [36.6664624, 56.5020288], [36.6638082, 56.4997896], [36.6564584, 56.5027823], [36.6487413, 56.5034985], [36.6459374, 56.50996], [36.6525059, 56.5162953], [36.6397223, 56.5136442], [36.6390473, 56.5119523], [36.6148586, 56.517958], [36.6116568, 56.5159087], [36.6076086, 56.5161646], [36.5978472, 56.5126451], [36.5949945, 56.5049895], [36.5919214, 56.5042114], [36.5895697, 56.4998356], [36.5614215, 56.498105], [36.5542471, 56.5008313], [36.5404777, 56.4967088], [36.5387514, 56.4891315], [36.5420875, 56.4825408], [36.5397878, 56.4778186], [36.5424301, 56.4738432], [36.537906, 56.4726833], [36.5354868, 56.4744594], [36.4256187, 56.4736752], [36.3982452, 56.4666525], [36.3923507, 56.4669331], [36.3929973, 56.4592162], [36.3760521, 56.4575309], [36.3759766, 56.4518982], [36.3598846, 56.450653], [36.3588521, 56.4484266], [36.3356117, 56.4473341], [36.3056152, 56.4414909], [36.2954936, 56.4335319], [36.2886319, 56.4337841], [36.2839483, 56.4305532], [36.273977, 56.4175642], [36.1265917, 56.3995134], [36.1260198, 56.397564], [36.1303376, 56.3978898], [36.1329104, 56.396001], [36.1295865, 56.3950536], [36.1246928, 56.386915], [36.1172167, 56.3849418], [36.1111865, 56.3856847], [36.1073041, 56.3881347], [36.099533, 56.3802851], [36.0952609, 56.3687999], [36.0920874, 56.367206], [36.0918569, 56.3484286], [36.0961932, 56.3477112], [36.0886671, 56.3356617], [36.0812474, 56.3370323], [36.0754251, 56.340024], [36.06473, 56.3356492], [36.0607159, 56.339127], [36.0633978, 56.3451616], [36.0589274, 56.3478679], [36.059423, 56.350353], [36.0666503, 56.3559198], [36.0742378, 56.3567222], [36.0735255, 56.363181], [36.0610848, 56.3662914], [36.0499488, 56.3732563], [36.0370076, 56.3729928], [36.0378502, 56.3653265], [36.0298203, 56.3670942], [36.0286776, 56.372815], [36.0209916, 56.3766353], [36.0121549, 56.37822], [35.958513, 56.3780324], [35.9600719, 56.3720488], [35.9540449, 56.3747398], [35.9531026, 56.3703943], [35.90503, 56.3735493], [35.9058757, 56.3772569], [35.8939116, 56.3741231], [35.8864687, 56.374554], [35.8716253, 56.3721202], [35.8620361, 56.3786351], [35.8661742, 56.3811481], [35.8625285, 56.3866408], [35.8435383, 56.3808087], [35.8360794, 56.3882729], [35.8400212, 56.390115], [35.8491063, 56.3911312], [35.852905, 56.389077], [35.8557108, 56.3897006], [35.8608106, 56.3939448], [35.8478326, 56.3981953], [35.8505253, 56.3953363], [35.8470226, 56.3953945], [35.8401198, 56.3920063], [35.8383391, 56.3924864], [35.8392762, 56.3972018], [35.8349581, 56.399296], [35.8329436, 56.3972276], [35.8157828, 56.3982445], [35.8183879, 56.4046473], [35.801089, 56.406391], [35.7918637, 56.3963943], [35.780788, 56.3995229], [35.769391, 56.3897676], [35.7408937, 56.3907616], [35.7352719, 56.3897207], [35.7303456, 56.3981569], [35.7326313, 56.4082754], [35.7289805, 56.4138302], [35.7181904, 56.4110864], [35.6970673, 56.4248959], [35.6996118, 56.428367], [35.681303, 56.4291467], [35.6852856, 56.4467454], [35.6729753, 56.4480554], [35.6739967, 56.4512217], [35.6640864, 56.4478095], [35.6571269, 56.4515936], [35.6600367, 56.4585222], [35.6585777, 56.4600634], [35.6412344, 56.4618259], [35.6302448, 56.4547782], [35.621673, 56.4585071], [35.620529, 56.4597141], [35.6257752, 56.4639742], [35.6261894, 56.4693974], [35.6234429, 56.4690954], [35.6202404, 56.4770525], [35.5996847, 56.4777774], [35.5965077, 56.4747054], [35.5826157, 56.4702505], [35.5641486, 56.4592285], [35.5551694, 56.4626949], [35.5535366, 56.4497751], [35.5464755, 56.4502245], [35.5431589, 56.4433993], [35.5371128, 56.4406869], [35.5310465, 56.4428179], [35.5271386, 56.4400748], [35.5296413, 56.435194], [35.5231891, 56.4310342], [35.5184568, 56.4303333], [35.4948144, 56.4306876], [35.4845143, 56.4358793], [35.4734054, 56.4378063], [35.4775316, 56.4443279], [35.4833512, 56.4455246], [35.477568, 56.4525701], [35.4677585, 56.4565788], [35.4549747, 56.4589282], [35.4397103, 56.4570276], [35.4342706, 56.4586556], [35.4284129, 56.4544263], [35.4297476, 56.4507786], [35.4248719, 56.4434394], [35.450912, 56.435054], [35.4570089, 56.4306903], [35.453892, 56.4278004], [35.4475147, 56.4271537], [35.4423748, 56.4310622], [35.4403239, 56.4308169], [35.4357169, 56.4233987], [35.4378676, 56.4204702], [35.429612, 56.4208828], [35.4312881, 56.4146466], [35.4292568, 56.4047609], [35.4243104, 56.3984903], [35.4190046, 56.3960357], [35.4231317, 56.3907497], [35.4176673, 56.3829073], [35.42172, 56.3813196], [35.4276306, 56.3845755], [35.4313593, 56.3821658], [35.4387982, 56.3856663], [35.4498682, 56.3844905], [35.4616288, 56.3788701], [35.482958, 56.3839234], [35.4979575, 56.3995509], [35.5203231, 56.39541], [35.5137893, 56.3890874], [35.5211739, 56.384587], [35.5132737, 56.3792507], [35.5084676, 56.3802636], [35.5054076, 56.3675749], [35.4993594, 56.3655423], [35.4966968, 56.3705032], [35.482453, 56.3735201], [35.4767701, 56.3655626], [35.4705119, 56.3612158], [35.4791069, 56.3594342], [35.4874342, 56.3651215], [35.4975319, 56.3648587], [35.4950941, 56.3635307], [35.4985516, 56.3619959], [35.4789665, 56.3586767], [35.4809771, 56.3461855], [35.4683578, 56.3376181], [35.4776519, 56.3360334], [35.4656976, 56.3306214], [35.4806214, 56.3273097], [35.4773673, 56.3238042], [35.4769199, 56.3128726], [35.4672129, 56.3097067], [35.4678137, 56.3078917], [35.4816918, 56.3022182], [35.4782888, 56.2994244], [35.4832866, 56.2954454], [35.4829581, 56.2908264], [35.4897342, 56.289807], [35.4913424, 56.2869627], [35.4803413, 56.2882285], [35.4722815, 56.2840178], [35.4749621, 56.2768128], [35.4852793, 56.2699462], [35.49939, 56.2640676], [35.5023101, 56.2594863], [35.484037, 56.2496698], [35.4863391, 56.2473093], [35.4612775, 56.2408803], [35.4383218, 56.2394912], [35.430341, 56.2418559], [35.4236784, 56.2480587], [35.4151768, 56.2477341], [35.4117883, 56.2489122], [35.4078647, 56.2480164], [35.4068861, 56.2441649], [35.3980943, 56.2432644], [35.391943, 56.2348593], [35.3854169, 56.2349689], [35.3792466, 56.2372473], [35.371385, 56.2354232], [35.363012, 56.2374044], [35.3471043, 56.2333859], [35.3304331, 56.2331115], [35.3157909, 56.2279909], [35.3216152, 56.2221752], [35.3180591, 56.219725], [35.320227, 56.2092479], [35.3246852, 56.2076802], [35.3333552, 56.2086181], [35.3331314, 56.2018303], [35.3382695, 56.199408], [35.3518566, 56.1990739], [35.3587844, 56.1964974], [35.3638601, 56.1969745], [35.356299, 56.1923986], [35.348939, 56.1839573], [35.3541452, 56.1801503], [35.3631294, 56.1788714], [35.3556939, 56.1752725], [35.3516674, 56.1710068], [35.3349586, 56.1630795], [35.3413651, 56.1598093], [35.3205171, 56.1535193], [35.3141384, 56.1565577], [35.3049316, 56.1544679], [35.2919089, 56.1404339], [35.3086016, 56.1381649], [35.3089851, 56.1304535], [35.2845501, 56.1249956], [35.2840317, 56.12065], [35.2890218, 56.1149998], [35.2834149, 56.1115943], [35.2872795, 56.1033886], [35.3015838, 56.1045773], [35.3089808, 56.1066348], [35.3203915, 56.1028151], [35.3215194, 56.0992753], [35.3339764, 56.0974494], [35.3389916, 56.0942144], [35.3380258, 56.0926377], [35.317324, 56.0835908], [35.3213518, 56.0816602], [35.3233689, 56.0774952], [35.3143687, 56.0638605], [35.308157, 56.0622485], [35.3047358, 56.0583108], [35.287845, 56.0625881], [35.2667585, 56.039058], [35.2605251, 56.0430668], [35.2572277, 56.0414588], [35.2528802, 56.0420275], [35.2483687, 56.0457485], [35.2439937, 56.0466883], [35.2387901, 56.046528], [35.2314049, 56.0428073], [35.2395544, 56.0300835], [35.2368044, 56.0303427], [35.2309562, 56.0242625], [35.224125, 56.021957], [35.2256354, 56.0165594], [35.2218949, 56.0163718], [35.2223625, 56.0139727], [35.2176116, 56.0110251], [35.2122312, 56.0109542], [35.2048334, 56.0136439], [35.2006985, 56.0116157], [35.1969797, 56.0121503], [35.1887423, 56.0042342], [35.1787787, 55.9985981], [35.1764698, 55.9934083], [35.1732158, 55.9920142], [35.1738409, 55.9834971], [35.1691896, 55.979863], [35.1538709, 55.977983], [35.1491349, 55.9713509], [35.1508931, 55.9593684], [35.1484955, 55.9575013], [35.1542599, 55.9538013], [35.1600784, 55.9450392], [35.1855306, 55.9329605], [35.1880928, 55.9286932], [35.1968209, 55.9243612], [35.1985106, 55.9211498], [35.2014051, 55.9216575], [35.2044862, 55.9194568], [35.2044284, 55.9148296], [35.189813, 55.9071534], [35.1992791, 55.8891257], [35.2042015, 55.8988388], [35.2170061, 55.9066102], [35.2269271, 55.9088826], [35.2271854, 55.9077402], [35.2128951, 55.901035], [35.2086372, 55.8941466], [35.2182383, 55.8969063], [35.2274569, 55.8926045], [35.2305795, 55.8869161], [35.22436, 55.883492], [35.2234361, 55.8802176], [35.2289812, 55.8769043], [35.2311281, 55.8728787], [35.2356561, 55.8713323], [35.2345224, 55.86836], [35.2495471, 55.8600748], [35.2469354, 55.8519057], [35.2500778, 55.847059], [35.2699489, 55.8367457], [35.2692718, 55.8273263], [35.2740389, 55.8261761], [35.2792166, 55.8274358], [35.2845987, 55.8224592], [35.2844016, 55.8194788], [35.2883075, 55.8158409], [35.28298, 55.8125986], [35.2814683, 55.8090731], [35.2831689, 55.7998299], [35.2976461, 55.7979416], [35.3029334, 55.7997813], [35.3074897, 55.7958972], [35.3137681, 55.7974806], [35.3170566, 55.7967184], [35.3194226, 55.7937521], [35.3281744, 55.7948929], [35.3301221, 55.7939413], [35.3300364, 55.7879327], [35.3322134, 55.7873387], [35.3281242, 55.7848928], [35.3325119, 55.7778352], [35.3345547, 55.7784908], [35.335618, 55.7766237], [35.3317834, 55.773311], [35.3387111, 55.7694144], [35.3297685, 55.7652941], [35.3270644, 55.7583363], [35.3332008, 55.7577503], [35.3345863, 55.7537048], [35.3429003, 55.7515163], [35.3447524, 55.7437299], [35.3425737, 55.7415193], [35.3365617, 55.7435844], [35.329763, 55.7439666], [35.3267723, 55.7426939], [35.3240202, 55.7446012], [35.3164323, 55.7449815], [35.3161982, 55.7411833], [35.304097, 55.734377], [35.3049369, 55.7304492], [35.3128108, 55.7284302], [35.3060406, 55.7218457], [35.3173746, 55.7210403], [35.3130312, 55.7174163], [35.3165005, 55.7081532], [35.3222557, 55.7078278], [35.3244636, 55.7056901], [35.3274274, 55.7080488], [35.3370212, 55.7027704], [35.33759, 55.7005944], [35.3320537, 55.6997861], [35.3297507, 55.697327], [35.3308538, 55.6930003], [35.3383906, 55.6915197], [35.3316513, 55.687851], [35.3316067, 55.6846723], [35.3355544, 55.6835805], [35.3232503, 55.6659814], [35.3370767, 55.665767], [35.3426592, 55.6582151], [35.3465558, 55.6579433], [35.3511319, 55.6430166], [35.3595412, 55.6452435], [35.3567001, 55.6413835], [35.3542168, 55.6421525], [35.3553403, 55.6392117], [35.3520819, 55.6375187], [35.3542896, 55.6355454], [35.3605309, 55.6378587], [35.3826398, 55.63067], [35.3901589, 55.6111495], [35.38877, 55.5988579], [35.3932926, 55.596941], [35.3950027, 55.5940825], [35.3868566, 55.5946437], [35.3646213, 55.5878664], [35.3721381, 55.575828], [35.3638517, 55.5743153], [35.3485767, 55.572621], [35.3413642, 55.5822278], [35.3102971, 55.581802], [35.3081896, 55.5804841], [35.3003672, 55.5816806], [35.296951, 55.5756835], [35.3000629, 55.5725356], [35.2971443, 55.5720656], [35.2953228, 55.5673958], [35.2943085, 55.555006], [35.2981469, 55.5507207], [35.303805, 55.549027], [35.3143266, 55.5518028], [35.31052, 55.5469957], [35.3066302, 55.5465234], [35.3094365, 55.5443951], [35.3388021, 55.538373], [35.3382285, 55.5350764], [35.3446851, 55.5275857], [35.3300041, 55.5249032], [35.3259009, 55.5225375], [35.3258561, 55.5169532], [35.3153441, 55.5173952], [35.3135699, 55.5146266], [35.3254352, 55.501841], [35.3240387, 55.4983574], [35.3188675, 55.4964364], [35.318356, 55.4922939], [35.3261087, 55.4872064], [35.3203313, 55.4836311], [35.3247616, 55.4802053], [35.3154512, 55.4779656], [35.3142561, 55.475294], [35.2940675, 55.4760754], [35.2890047, 55.4723554], [35.2910364, 55.4631608], [35.3093444, 55.4574941], [35.3133942, 55.4504663], [35.3038736, 55.4350076], [35.3127166, 55.4353398], [35.3190851, 55.4316111], [35.3259877, 55.430747], [35.3296583, 55.4286921], [35.3113174, 55.4238908], [35.3090341, 55.4172662], [35.2977928, 55.4124335], [35.3049653, 55.4046002], [35.3055139, 55.3976523], [35.3002768, 55.3915624], [35.2945779, 55.3915307], [35.2935766, 55.3894709], [35.2861922, 55.3890081], [35.2857447, 55.3821689], [35.2892757, 55.3804063], [35.2909614, 55.351858], [35.2807584, 55.349625], [35.2806169, 55.3439137], [35.2831294, 55.3434849], [35.2828003, 55.3419032], [35.274107, 55.3310688], [35.2695354, 55.3301274], [35.2656972, 55.3322307], [35.2586455, 55.3298816], [35.2622678, 55.3282267], [35.2598412, 55.3260445], [35.2614247, 55.3225536], [35.2737859, 55.3223184], [35.2954035, 55.3107693], [35.2993634, 55.304631], [35.290455, 55.2964109], [35.2939244, 55.2910955], [35.3098869, 55.2911575], [35.318975, 55.286477], [35.3179265, 55.2831449], [35.3343746, 55.27902], [35.3342215, 55.271752], [35.3430604, 55.2730587], [35.3508862, 55.2690624], [35.3595389, 55.25922], [35.3566056, 55.2492616], [35.360092, 55.2477859], [35.3589441, 55.2446496], [35.3621294, 55.242929], [35.3694819, 55.2448002], [35.3732362, 55.2442606], [35.3823235, 55.2381269], [35.3961473, 55.234589], [35.4018149, 55.237918], [35.4085326, 55.2375461], [35.4184993, 55.2287057], [35.422191, 55.2317244], [35.4462712, 55.2290131], [35.4608247, 55.2359401], [35.4815489, 55.237455], [35.481539, 55.239919], [35.4975817, 55.2388058], [35.5082323, 55.240189], [35.5094217, 55.2414137], [35.4969598, 55.2500285], [35.5009587, 55.2534937], [35.5032188, 55.253088], [35.5038151, 55.2552962], [35.5133086, 55.2543553], [35.5350043, 55.2583874], [35.5554678, 55.2525253], [35.5565469, 55.2505135], [35.5606456, 55.2504208], [35.5701956, 55.2596711], [35.5764925, 55.2622457], [35.5768354, 55.2690493], [35.5606366, 55.2758549], [35.5748567, 55.280911], [35.575861, 55.286684], [35.5730798, 55.2902669], [35.599991, 55.2897039], [35.6100763, 55.2956693], [35.6160756, 55.292077], [35.6163315, 55.2882532], [35.6327174, 55.2867589], [35.6368902, 55.2895168], [35.6421597, 55.2876477], [35.642689, 55.2846868], [35.6634794, 55.2783376], [35.6786395, 55.2816081], [35.7067615, 55.2909036], [35.7163525, 55.2855733], [35.718431, 55.2794779], [35.7224166, 55.2794001], [35.721289, 55.2826087], [35.7242352, 55.285228], [35.7411561, 55.2955777], [35.7485294, 55.2947159], [35.7529777, 55.2900596], [35.7620013, 55.2869063], [35.7669654, 55.2817228], [35.7645904, 55.2788685], [35.7705146, 55.273452], [35.7757946, 55.273357], [35.7934115, 55.2611045], [35.7954766, 55.2644735], [35.8083211, 55.2619473], [35.814615, 55.2620904], [35.8244521, 55.2648768], [35.8289113, 55.262209], [35.8267411, 55.254675], [35.8229579, 55.2552595], [35.8212498, 55.258147], [35.8176762, 55.2576027], [35.8185619, 55.2530584], [35.8144267, 55.2460111], [35.8428331, 55.2323148], [35.8486092, 55.2324972], [35.8509873, 55.2359584], [35.861134, 55.2371215], [35.8603866, 55.239271], [35.8866238, 55.2380954], [35.8885982, 55.2478985], [35.9005887, 55.2455229], [35.9018904, 55.2405542], [35.9219501, 55.2397662], [35.9305037, 55.2324186], [35.9439786, 55.2334521], [35.9434596, 55.2355633], [35.9498894, 55.2393715], [35.9588793, 55.2417997], [35.9649896, 55.2377601], [35.9723376, 55.2369711], [35.9857094, 55.2229523], [35.9959832, 55.2175168], [35.9987656, 55.2200747], [36.0073201, 55.2195245], [36.009075, 55.2174448], [36.0220261, 55.2143613], [36.020911, 55.2204367], [36.0262504, 55.2212309], [36.0311588, 55.225357], [36.0386649, 55.227703], [36.0453665, 55.2264422], [36.0438323, 55.2239424], [36.0477986, 55.2226664], [36.0454946, 55.2176108], [36.0486529, 55.215264], [36.0614855, 55.2174448], [36.0659947, 55.2154388], [36.0731893, 55.2187668], [36.0768261, 55.214526], [36.0843759, 55.2105611], [36.0935645, 55.2099391], [36.0956729, 55.2142822], [36.1098282, 55.209909], [36.1135756, 55.2100824], [36.1093377, 55.2088681], [36.1037506, 55.2108536], [36.1040561, 55.2094143], [36.0982032, 55.2094037], [36.097152, 55.2076649], [36.106791, 55.2048774], [36.1133208, 55.19563], [36.1155942, 55.1849882], [36.126512, 55.1820738], [36.1229158, 55.1792256], [36.1392558, 55.1741348], [36.1510577, 55.1838415], [36.157489, 55.1856723], [36.1661934, 55.1909725], [36.174593, 55.1930257], [36.1904508, 55.1933753], [36.2145301, 55.189722], [36.2230143, 55.1898287], [36.2258946, 55.1871838], [36.230703, 55.1865452], [36.2289498, 55.1899691], [36.2383928, 55.1886409], [36.2484951, 55.1910412], [36.2542787, 55.1833114], [36.2539373, 55.1793593], [36.264784, 55.1714839], [36.2777934, 55.1738933], [36.2755815, 55.1769914], [36.2794908, 55.1789646], [36.2947095, 55.1809976], [36.3134709, 55.1857342], [36.3012284, 55.1895702], [36.2979479, 55.1881404], [36.295486, 55.1908393], [36.3122459, 55.2103031], [36.3106797, 55.2105447], [36.3273066, 55.2143911], [36.3332969, 55.220969], [36.3344356, 55.2243022], [36.3309666, 55.2290266], [36.3334702, 55.2376917], [36.3404182, 55.2458934], [36.3434699, 55.255067], [36.3468341, 55.2538003], [36.3501309, 55.2550621], [36.3570043, 55.251949], [36.3627867, 55.2542293], [36.3638133, 55.249118], [36.3689128, 55.2524231], [36.3790773, 55.2549701], [36.3835472, 55.2583722], [36.381199, 55.2592958], [36.3830394, 55.2611332], [36.3804726, 55.2649463], [36.3757363, 55.2630185], [36.3721372, 55.2644687], [36.3754799, 55.2712837], [36.379921, 55.2728847], [36.368929, 55.2772182], [36.371013, 55.2778426], [36.3692903, 55.280448], [36.3752481, 55.2799308], [36.3798815, 55.2770874], [36.3898542, 55.2811038], [36.3835941, 55.2873494], [36.389821, 55.2902124], [36.3849938, 55.2944235], [36.4089683, 55.3010053], [36.4167889, 55.3052625], [36.4154938, 55.3086231], [36.4178158, 55.3088775], [36.4229031, 55.3060086], [36.4173662, 55.3039839], [36.4234732, 55.2943878], [36.4277413, 55.2940162], [36.431434, 55.2955124], [36.4354793, 55.2946705], [36.435488, 55.2909082], [36.4374356, 55.2905597], [36.4625726, 55.2931344], [36.4611429, 55.3011737], [36.4855382, 55.3045008], [36.4931231, 55.3023364], [36.5023577, 55.3047069], [36.5091936, 55.3032812], [36.5164304, 55.2963007], [36.5351953, 55.3070732], [36.5383563, 55.3121686], [36.5342721, 55.3149038], [36.5326287, 55.3208227], [36.5369936, 55.3240668], [36.5451766, 55.3231262], [36.5497923, 55.3196515], [36.5565265, 55.3220337], [36.5593289, 55.3281057], [36.5738327, 55.3305856], [36.5815609, 55.3365674], [36.5900255, 55.3377039], [36.5926539, 55.3462302], [36.6008253, 55.3512798], [36.6093045, 55.3483171], [36.6100707, 55.3496693], [36.6173433, 55.3487205], [36.6200798, 55.3446215], [36.6093332, 55.340548], [36.6131547, 55.3381791], [36.6121067, 55.3364301], [36.6049412, 55.3330679], [36.6018606, 55.3344601], [36.6029342, 55.3362918], [36.6003288, 55.3346929], [36.6229338, 55.316037], [36.627067, 55.3160181], [36.6224187, 55.3138134], [36.6258848, 55.3101209], [36.6235818, 55.3080493], [36.6182443, 55.3100813], [36.6197178, 55.3133271], [36.6077513, 55.3111754], [36.6129895, 55.2943104], [36.6065512, 55.2916543], [36.6084231, 55.2902316], [36.6060648, 55.286703], [36.6005531, 55.2829004], [36.611736, 55.2740063], [36.6141387, 55.2694668], [36.619281, 55.2685264], [36.6213295, 55.2653907], [36.6390989, 55.2672848], [36.6429877, 55.2773842], [36.6593265, 55.2774903], [36.6727283, 55.2683551], [36.6876668, 55.2690697], [36.693862, 55.266409], [36.6967066, 55.2617681], [36.711551, 55.2643326], [36.7262673, 55.2597715], [36.7370844, 55.2641629], [36.7443152, 55.2642621], [36.7568458, 55.2696285], [36.7632458, 55.2698276], [36.777875, 55.2582275], [36.7884971, 55.2567365], [36.7905557, 55.2517355], [36.7875271, 55.2466289], [36.799951, 55.2424725], [36.794543, 55.2354343], [36.7940964, 55.2269773], [36.8060077, 55.2255588], [36.8063018, 55.2200174], [36.8123023, 55.2149441], [36.8117168, 55.2125197], [36.805164, 55.2107422], [36.8017903, 55.2060893], [36.8026413, 55.2032827], [36.8057072, 55.2037695], [36.8076288, 55.2014631], [36.8040533, 55.1978108], [36.8094507, 55.1955491], [36.8217943, 55.1938722], [36.8293553, 55.195731], [36.840879, 55.2051931], [36.8410156, 55.2078701], [36.8497154, 55.2115605], [36.8591613, 55.2098086], [36.8608216, 55.2115669], [36.8589644, 55.2149629], [36.8721011, 55.2150762], [36.8722187, 55.2182589], [36.8673432, 55.223848], [36.8637742, 55.2254651], [36.8592099, 55.2247784], [36.8558391, 55.2273425], [36.8722344, 55.2326734], [36.875221, 55.2298993], [36.8853032, 55.2293279], [36.8996633, 55.2365303], [36.9038633, 55.2325954], [36.9191043, 55.2358585], [36.9261016, 55.2349284], [36.9304717, 55.2391904], [36.9410496, 55.237664], [36.9421866, 55.239473], [36.9372397, 55.2413907], [36.9433328, 55.2447825], [36.9427793, 55.2474012], [36.9514323, 55.2456509], [36.9526161, 55.2492727], [36.9477649, 55.2497062], [36.9490731, 55.2572346], [36.9571023, 55.2607625], [36.9525171, 55.2648355], [36.9619392, 55.2673536], [36.9750672, 55.2662075], [36.9804835, 55.2690665], [36.9834123, 55.2681383], [36.9867967, 55.2763316], [37.0212593, 55.2819784], [37.0260365, 55.2830207], [37.0259868, 55.2843746], [37.021409, 55.2844293], [37.0216065, 55.2887924], [37.0126627, 55.2898928], [37.0025673, 55.2890093], [36.9977408, 55.2915579], [36.9933511, 55.2910392], [36.9838119, 55.296971], [36.9873663, 55.299957], [36.9846594, 55.301825], [36.9883868, 55.3083172], [36.9864415, 55.3155888], [36.9636827, 55.3240984], [36.9604066, 55.3219045], [36.94473, 55.3293694], [36.9466292, 55.3306699], [36.9422175, 55.3325707], [36.9391706, 55.3366222], [36.9368876, 55.3365924], [36.936134, 55.3412569], [36.9162405, 55.3507965], [36.91557, 55.3540344], [36.9029439, 55.3556966], [36.9040847, 55.3570066], [36.9016328, 55.3583115], [36.8560564, 55.3803316], [36.8629346, 55.3847874], [36.8482657, 55.3920817], [36.8618745, 55.4010347], [36.8342961, 55.4139868], [36.8420879, 55.4186994], [36.8258145, 55.4214344], [36.8211988, 55.4252289], [36.8282363, 55.4286426], [36.8219237, 55.4292788], [36.8191279, 55.426764], [36.8113604, 55.436299], [36.8031012, 55.4408329], [36.8045117, 55.465508], [36.8152077, 55.4659722], [36.8162398, 55.5083513], [36.9194745, 55.5058449], [36.9197539, 55.5154461], [36.9322712, 55.512135], [36.9374106, 55.5145682], [36.93967, 55.5134773], [36.9360189, 55.5090215], [36.9377862, 55.5094618], [36.9379678, 55.5070078], [36.9352278, 55.505233], [36.9380657, 55.4990019], [36.9350578, 55.4961553], [36.9777907, 55.4937419], [36.9734462, 55.4554605], [36.9829592, 55.454873], [36.9839601, 55.457693], [36.9892874, 55.4568512], [36.9895955, 55.459224], [36.9940174, 55.4583184], [36.9933152, 55.4566522], [36.9962463, 55.4564356], [36.9996863, 55.4526079], [37.0055731, 55.4505198], [37.0033405, 55.4494999], [37.0062621, 55.4461459], [37.0192337, 55.4451288], [37.0200709, 55.4567858], [37.0321283, 55.4559566], [37.0355766, 55.4584408], [37.0368186, 55.464061], [37.0606131, 55.4626603], [37.0586117, 55.4546905], [37.0803245, 55.4526986], [37.0786002, 55.4500415], [37.0814225, 55.4482436], [37.0806183, 55.4466848], [37.0825219, 55.4454923], [37.0872679, 55.4462724], [37.0892834, 55.4412316], [37.0970779, 55.4426935], [37.0998116, 55.4457102], [37.1127784, 55.4492266], [37.1079402, 55.4450667], [37.1125655, 55.4412924], [37.1084991, 55.4395122], [37.1170058, 55.4380571], [37.1244078, 55.4419544], [37.1305574, 55.4415681], [37.1339945, 55.443159], [37.1357377, 55.4381618], [37.1358267, 55.4406366], [37.1413975, 55.4426533], [37.1495437, 55.4384775], [37.1417996, 55.4430806], [37.0922795, 55.4649172], [37.0933611, 55.4704043], [37.1126712, 55.4689037], [37.1126288, 55.469838], [37.1398129, 55.4734087], [37.1364148, 55.4821232], [37.1393375, 55.4828383], [37.1270968, 55.4873759], [37.1289281, 55.4884225], [37.1243662, 55.4928122], [37.1268419, 55.495352], [37.1245553, 55.4962334], [37.1256159, 55.4972233], [37.1361965, 55.5000219], [37.1387776, 55.5152055], [37.1365525, 55.5158371], [37.1369316, 55.5131357], [37.1186307, 55.5131369], [37.1173937, 55.5188677], [37.1198443, 55.5191229], [37.1159062, 55.5299985], [37.119922, 55.5314093], [37.1225083, 55.5383655], [37.1135595, 55.538946], [37.1151768, 55.5474463], [37.1254702, 55.5499634], [37.1146925, 55.5655511], [37.0964945, 55.5774029], [37.0869749, 55.5903604], [37.0949245, 55.5925306], [37.0913872, 55.5961923], [37.0991754, 55.5960557], [37.0957269, 55.6001139], [37.1164617, 55.6056356], [37.1214873, 55.5998829], [37.132427, 55.5991855], [37.1347813, 55.6013166], [37.1326594, 55.6055784], [37.1424864, 55.6091606], [37.1457541, 55.6082916], [37.1461173, 55.6093796], [37.1471654, 55.6056719], [37.1517971, 55.6042234], [37.1720233, 55.6051841], [37.1773901, 55.6072624], [37.1822467, 55.6128981], [37.1867703, 55.6127264], [37.1854743, 55.6187847], [37.2068403, 55.622902], [37.2112733, 55.6201053], [37.2145561, 55.6227591], [37.2223769, 55.6203763], [37.224957, 55.6213901], [37.2275276, 55.6195407], [37.2295424, 55.6212725], [37.2259652, 55.6232328], [37.2320733, 55.6253186], [37.2360831, 55.6249375], [37.2377009, 55.6274816], [37.2350611, 55.6289021], [37.2438889, 55.6335642], [37.2351277, 55.6374393], [37.240713, 55.6436881], [37.2573516, 55.6492982], [37.2657215, 55.6494828], [37.2714341, 55.6514792], [37.275391, 55.6495768], [37.3112033, 55.646572], [37.3115, 55.6511939], [37.3229081, 55.6508895], [37.3240457, 55.6610045], [37.3189934, 55.6615431], [37.3195225, 55.664281], [37.3371845, 55.6630316], [37.3319963, 55.6596635], [37.3415328, 55.6569374], [37.3437296, 55.6623024], [37.3484908, 55.6629065], [37.3480466, 55.6658288], [37.3535824, 55.6637243], [37.3502376, 55.6611985], [37.3528876, 55.6603377], [37.3584524, 55.6625761], [37.358244, 55.6660449], [37.3646174, 55.6691244], [37.3699988, 55.6679968], [37.370952, 55.6590578], [37.3780033, 55.6594828], [37.3805794, 55.6645089], [37.3861581, 55.6645757], [37.3890614, 55.6619263], [37.3941332, 55.6609367], [37.4154573, 55.6647647], [37.4130736, 55.6674098], [37.4040325, 55.6710433], [37.410585, 55.6780483], [37.417481, 55.6807762], [37.4142093, 55.6820281], [37.41496, 55.685267], [37.4116931, 55.6912861], [37.4021617, 55.6988389], [37.3944338, 55.6964219], [37.3936145, 55.6947794], [37.3901959, 55.6967759], [37.3750421, 55.6889786], [37.371502, 55.6900401], [37.3728959, 55.6911025], [37.3679036, 55.6917278], [37.3633645, 55.6899639], [37.3639508, 55.6877694], [37.3596676, 55.6890355], [37.361118, 55.6901108], [37.3579918, 55.6917687], [37.3550715, 55.6855232], [37.3611, 55.6820978], [37.3544386, 55.6764784], [37.3489862, 55.678562], [37.3460859, 55.6762989], [37.3262279, 55.68276], [37.3292925, 55.6856526], [37.3268711, 55.6829631], [37.3309701, 55.6815531], [37.3325117, 55.6829408], [37.3348271, 55.6824529], [37.3294276, 55.6857865], [37.3381296, 55.6934062], [37.3385424, 55.6872882], [37.3438915, 55.6892561], [37.3424958, 55.6935804], [37.3449652, 55.6983969], [37.347376, 55.6976493], [37.3518141, 55.7001658], [37.3514621, 55.7022513], [37.3560893, 55.7047715], [37.3531674, 55.7018105], [37.355769, 55.6994601], [37.3631407, 55.7007348], [37.3633127, 55.7018251], [37.3656339, 55.7009597], [37.365914, 55.7029208], [37.3691059, 55.702475], [37.36774, 55.7032986], [37.3709402, 55.7036925], [37.368481, 55.7036899], [37.3661551, 55.7070035], [37.3693474, 55.7084951], [37.3644213, 55.7089047], [37.3756211, 55.7115514], [37.3767396, 55.7106743], [37.378183, 55.6970549], [37.382014, 55.6985367], [37.3898298, 55.6969492], [37.3921625, 55.6984232], [37.3886458, 55.7007934], [37.3904837, 55.7024365], [37.3879413, 55.7043201], [37.3924774, 55.7059193], [37.386661, 55.7111475], [37.3815623, 55.7126033], [37.3843099, 55.7151659], [37.378454, 55.7233384], [37.3689477, 55.745982], [37.368489, 55.7625565], [37.3656124, 55.7644124], [37.3686444, 55.76869], [37.3652599, 55.771728], [37.3688249, 55.7727246], [37.370601, 55.7881919], [37.3595046, 55.784052], [37.360524, 55.7830797], [37.3522319, 55.7780272], [37.3524395, 55.7737624], [37.3470671, 55.7695512], [37.3398609, 55.7690197], [37.3382839, 55.7712914], [37.3323016, 55.7719341], [37.3322475, 55.767984], [37.3207023, 55.7668207], [37.3189369, 55.7695065], [37.3127565, 55.769081], [37.3084937, 55.7705913], [37.3108516, 55.7754361], [37.3153018, 55.7746034], [37.3229729, 55.7767335], [37.3284094, 55.7810864], [37.3128271, 55.7863845], [37.3131458, 55.7797513], [37.3118433, 55.7801654], [37.310606, 55.7844642], [37.3128801, 55.7877903], [37.315399, 55.7884035], [37.3100592, 55.7920866], [37.3164453, 55.7927791], [37.3143887, 55.7936861], [37.3249703, 55.7966009], [37.320955, 55.7978203], [37.3126617, 55.7956909], [37.3079191, 55.7972282], [37.32179, 55.8007522], [37.334486, 55.7996108], [37.3361042, 55.8020658], [37.3473758, 55.8065619], [37.3581286, 55.8037392], [37.3591211, 55.8012847], [37.3536424, 55.7972233], [37.3487329, 55.7963819], [37.3638758, 55.7909609], [37.3744812, 55.7923635], [37.3867855, 55.8069524], [37.3860556, 55.8088709], [37.3793921, 55.8091485], [37.3772465, 55.804192], [37.3723377, 55.8031613], [37.3717466, 55.8092419], [37.3738627, 55.8125917], [37.3774742, 55.812676], [37.3807281, 55.8096574], [37.3878905, 55.8097622], [37.3939187, 55.829862], [37.3799375, 55.8306661], [37.3689161, 55.8280237], [37.3621572, 55.8220367], [37.3589247, 55.8228877], [37.3568826, 55.8265268], [37.3540129, 55.8263994], [37.3563725, 55.8226601], [37.3523121, 55.8212845], [37.3491556, 55.8222253], [37.3515886, 55.8243916], [37.3497145, 55.8263737], [37.3448235, 55.826067], [37.3485673, 55.8290754], [37.3487274, 55.8322154], [37.3418339, 55.8341519], [37.3450013, 55.8364662], [37.3404098, 55.8390122], [37.3407825, 55.8402701], [37.347366, 55.8404419], [37.3492301, 55.843864], [37.3320767, 55.8462996], [37.3404435, 55.8515384], [37.3406337, 55.8580491], [37.3458799, 55.8629437], [37.3578908, 55.8642649], [37.3628222, 55.8676471], [37.3731226, 55.8671531], [37.3774889, 55.8683619], [37.3794062, 55.8673525], [37.3774496, 55.8647195], [37.3800303, 55.8594722], [37.3765154, 55.8581766], [37.3749347, 55.8551704], [37.3798725, 55.8534722], [37.3871672, 55.8558609], [37.3899694, 55.8541642], [37.3945561, 55.8544023], [37.4016622, 55.8644698], [37.411428, 55.8709576], [37.4039951, 55.8759713], [37.3821655, 55.8778687], [37.3798326, 55.8799355], [37.372761, 55.8816241], [37.3711942, 55.8839596], [37.3747747, 55.8869266], [37.3725592, 55.8876481], [37.3729403, 55.8911014], [37.3773568, 55.8927083], [37.3741352, 55.8950696], [37.365638, 55.8947333], [37.3676335, 55.8980386], [37.3617712, 55.9014555], [37.3702688, 55.9034654], [37.3662836, 55.9067026], [37.3698614, 55.9081959], [37.3660258, 55.9153807], [37.3717351, 55.9196431], [37.377823, 55.9211143], [37.3564628, 55.9299543], [37.3437067, 55.9241832], [37.3398343, 55.9307309], [37.3313205, 55.9338701], [37.3363011, 55.9347823], [37.3432683, 55.9389578], [37.3495479, 55.9366301], [37.3540987, 55.9389069], [37.3405276, 55.9462664], [37.3350259, 55.9535891], [37.3415703, 55.9568281], [37.3495832, 55.9572896], [37.3464338, 55.953622], [37.3534926, 55.9511259], [37.3559258, 55.9535018], [37.3579704, 55.9531424], [37.358211, 55.9556423], [37.3719719, 55.9561382], [37.3764282, 55.9554344], [37.3753023, 55.9537343], [37.3816768, 55.950861], [37.3847345, 55.9532037], [37.3927919, 55.9522727], [37.3931879, 55.948705], [37.4074388, 55.9513925], [37.4081473, 55.9539112], [37.4113789, 55.953187], [37.4140631, 55.9545991], [37.4224581, 55.9513146], [37.4208886, 55.9471995], [37.4103667, 55.945258], [37.4066636, 55.939028], [37.4101679, 55.9319133], [37.4077466, 55.9290304], [37.4106248, 55.925248], [37.4084134, 55.9241346], [37.3968464, 55.9261701], [37.3943312, 55.9226576], [37.3949359, 55.9193292], [37.398713, 55.9166177], [37.3900178, 55.9128443], [37.3899171, 55.9043205], [37.3913797, 55.9024645], [37.3992913, 55.9007554], [37.4041816, 55.8920695], [37.4042239, 55.8875213], [37.4093978, 55.8849173], [37.4094205, 55.8806876], [37.4266635, 55.8774643], [37.4404745, 55.8808216], [37.4424188, 55.8841651], [37.4477311, 55.8827967], [37.4628321, 55.8832171], [37.4759345, 55.8858645], [37.4823164, 55.8883802], [37.4835978, 55.8906504], [37.4859353, 55.8883988], [37.5244518, 55.9049172], [37.5370259, 55.9075556], [37.5194795, 55.9417633], [37.5340973, 55.9440067], [37.5424717, 55.9436047], [37.5369133, 55.9523038], [37.5482976, 55.955342], [37.550651, 55.9508086], [37.5532001, 55.9534803], [37.555104, 55.9535347], [37.5550637, 55.9511575], [37.5745199, 55.9574097], [37.5748503, 55.9558906], [37.5808138, 55.9537022], [37.5795348, 55.9491814], [37.5625931, 55.9507905], [37.5645629, 55.9408723], [37.5701637, 55.9408543], [37.5699506, 55.9362305], [37.5662687, 55.9362546], [37.5656683, 55.9331285], [37.5607055, 55.9320541], [37.5559505, 55.9090943], [37.5741491, 55.9112732], [37.5873513, 55.9103686], [37.5912017, 55.9135942], [37.5903936, 55.9115316], [37.5931529, 55.9089479], [37.6292697, 55.8999289], [37.6632928, 55.8959169], [37.6691834, 55.8956784], [37.6726695, 55.8978367], [37.6770488, 55.8954776], [37.6987201, 55.894336], [37.7071883, 55.8923311], [37.7243624, 55.8838019], [37.7315551, 55.8856186], [37.730375, 55.8806067], [37.8297437, 55.8305581], [37.8373695, 55.8224896], [37.8391745, 55.8162615], [37.8437616, 55.8147738], [37.839762, 55.8116247], [37.8431377, 55.7792395], [37.8506785, 55.7785629], [37.8434007, 55.7747346], [37.8459341, 55.7686145], [37.8434979, 55.7669072], [37.8426549, 55.7467345], [37.8479957, 55.7444999], [37.863233, 55.745573], [37.8825409, 55.7493396], [37.8882457, 55.7484642], [37.8900854, 55.7416036], [37.8807532, 55.7425041], [37.8780087, 55.7378695], [37.8684891, 55.7372895], [37.864238, 55.7347168], [37.8734123, 55.7296476], [37.8702706, 55.7265861], [37.8724504, 55.723377], [37.8760932, 55.7233877], [37.8765345, 55.7204709], [37.8810045, 55.7190992], [37.8869204, 55.7202606], [37.8854775, 55.7241916], [37.8898505, 55.7237012], [37.8906332, 55.722309], [37.9024213, 55.7252509], [37.9077881, 55.7248027], [37.9150477, 55.7269838], [37.9180394, 55.7306219], [37.9235854, 55.7312255], [37.9376089, 55.726887], [37.9474751, 55.7200604], [37.9555126, 55.720222], [37.9584742, 55.7176168], [37.9674277, 55.716249], [37.9598592, 55.7140911], [37.9667063, 55.7104986], [37.9641928, 55.7091974], [37.9496668, 55.7113411], [37.947367, 55.708672], [37.9597448, 55.7045084], [37.9570452, 55.7008597], [37.9542086, 55.7027752], [37.9533217, 55.7007439], [37.945237, 55.6991227], [37.9447161, 55.6971238], [37.9484764, 55.6951279], [37.9508767, 55.6961866], [37.9556123, 55.6945131], [37.9539295, 55.692726], [37.9575785, 55.6938492], [37.9602039, 55.692774], [37.9578801, 55.6894508], [37.9647713, 55.6861743], [37.9628732, 55.6856636], [37.9644024, 55.6798146], [37.9613556, 55.6756369], [37.9637963, 55.6739042], [37.9204717, 55.676143], [37.9189363, 55.6805384], [37.9137928, 55.681538], [37.9132908, 55.6833168], [37.9186031, 55.68826], [37.9231927, 55.6892714], [37.9282528, 55.6949993], [37.939877, 55.696504], [37.9398067, 55.6980146], [37.9266095, 55.6982211], [37.924743, 55.6970422], [37.9189383, 55.6994252], [37.9151667, 55.6970473], [37.9113772, 55.7047767], [37.9072468, 55.7046132], [37.9070118, 55.7069911], [37.8869711, 55.7052153], [37.8715322, 55.6952975], [37.858176, 55.7012543], [37.8561665, 55.6987648], [37.8640933, 55.6936883], [37.8600053, 55.6910309], [37.864792, 55.6873501], [37.8568882, 55.675701], [37.8368553, 55.684258], [37.8325244, 55.6836508], [37.8411397, 55.6551916], [37.8390998, 55.6554662], [37.8351163, 55.6502424], [37.8226572, 55.6416176], [37.8235106, 55.6396749], [37.818332, 55.6392096], [37.7838571, 55.6181907], [37.7869133, 55.6166025], [37.7817868, 55.6169076], [37.7538314, 55.6015974], [37.733529, 55.5929779], [37.7321735, 55.5887973], [37.7263489, 55.5900666], [37.6925643, 55.5771246], [37.6909246, 55.5723191], [37.6851823, 55.5741203], [37.6760494, 55.5720884], [37.6643563, 55.571623], [37.6003203, 55.5753745], [37.5984891, 55.5744262], [37.6035767, 55.5645916], [37.589454, 55.557683], [37.5785039, 55.5216793], [37.5918282, 55.5124933], [37.5980226, 55.5147069], [37.6008921, 55.5109247], [37.603814, 55.5130378], [37.6021162, 55.5104561], [37.6080963, 55.509844], [37.6089293, 55.5024075], [37.6056103, 55.5020547], [37.6091037, 55.500877], [37.610417, 55.4932414], [37.6073946, 55.4918154], [37.6110248, 55.4914069], [37.6113541, 55.4896351], [37.6064915, 55.4882986], [37.6046793, 55.4916699], [37.601931, 55.4892832], [37.5950843, 55.4887276], [37.5833567, 55.4935768], [37.581776, 55.4919801], [37.5859645, 55.489054], [37.5837123, 55.4876748], [37.5870275, 55.4867217], [37.5798005, 55.4836784], [37.5777803, 55.4837651], [37.578667, 55.4866923], [37.5654849, 55.487418], [37.5608448, 55.4733871], [37.5447501, 55.4726458], [37.5480083, 55.4568969], [37.5443163, 55.4578625], [37.5368187, 55.4547761], [37.5366617, 55.4533485], [37.5327639, 55.4536847], [37.5316055, 55.4517498], [37.5315207, 55.4469073], [37.5347712, 55.4449509], [37.5358069, 55.4392485], [37.5383916, 55.4374857], [37.5352652, 55.4362787], [37.5085424, 55.4363932], [37.5025471, 55.4381033], [37.4994875, 55.4413729], [37.4912564, 55.442741], [37.4858147, 55.4472491], [37.4985348, 55.4500383], [37.492149, 55.4561663], [37.4967152, 55.4591398], [37.4899346, 55.4608869], [37.4842097, 55.4583028], [37.478298, 55.4614724], [37.4754069, 55.461015], [37.4645821, 55.4649411], [37.4579931, 55.4654367], [37.4579931, 55.4683333], [37.463977, 55.4686763], [37.4645149, 55.4708106], [37.4598084, 55.4703914], [37.4568501, 55.4727542], [37.4520764, 55.4721825], [37.4472355, 55.4750406], [37.449387, 55.479956], [37.4452185, 55.4818992], [37.4345242, 55.4768387], [37.4262247, 55.475893], [37.429736, 55.4717742], [37.429091, 55.4694207], [37.4196233, 55.4687008], [37.4122044, 55.4656282], [37.4112571, 55.4629321], [37.4003774, 55.4669892], [37.4027853, 55.4684995], [37.3945731, 55.4690068], [37.3910316, 55.4666742], [37.3942065, 55.4631642], [37.3887871, 55.4570957], [37.3836378, 55.4570306], [37.3879022, 55.4535718], [37.3844749, 55.4512963], [37.3786694, 55.4521101], [37.3727168, 55.4499159], [37.3713843, 55.4478643], [37.3735957, 55.4453994], [37.387714, 55.4463702], [37.3907715, 55.441942], [37.3966295, 55.4432017], [37.3988526, 55.4454526], [37.4000278, 55.4444416], [37.3914808, 55.4377533], [37.3865229, 55.4384364], [37.3866836, 55.4344334], [37.426521, 55.4323914], [37.4249751, 55.4266027], [37.4302935, 55.4290124], [37.4335436, 55.4267923], [37.4269782, 55.4253606], [37.432456, 55.4232928], [37.4332369, 55.4191733], [37.4354048, 55.420764], [37.4388367, 55.4203019], [37.4369281, 55.4138807], [37.443536, 55.413182], [37.4503189, 55.4156612], [37.4561268, 55.4122945], [37.4599771, 55.4133144], [37.4672927, 55.4125651], [37.4655875, 55.4090158], [37.4689586, 55.4067817], [37.4620614, 55.4048679], [37.4633838, 55.4026522], [37.4609465, 55.40157], [37.4613095, 55.3994057], [37.4685178, 55.3990376], [37.4639932, 55.3980216], [37.4705403, 55.3900254], [37.4639283, 55.3882286], [37.4692698, 55.3798179], [37.4644879, 55.3766404], [37.4675039, 55.3712907], [37.4654688, 55.369186], [37.4621777, 55.3676752], [37.4543213, 55.3799374], [37.4471078, 55.3811656], [37.4451276, 55.3750456], [37.4382338, 55.3745455], [37.4342001, 55.3700291], [37.4293322, 55.3688048], [37.4314132, 55.3671481], [37.4275721, 55.3646524], [37.4430878, 55.3529225], [37.419933, 55.3513156], [37.422863, 55.3432068], [37.4142545, 55.3412899], [37.4051145, 55.3365341], [37.4079148, 55.3338205], [37.4208414, 55.3289206], [37.4247546, 55.3224923], [37.4249141, 55.3172176], [37.4278176, 55.3147269], [37.4221271, 55.3115196], [37.4146471, 55.311858], [37.4097827, 55.309415], [37.3966906, 55.3160378], [37.395524, 55.3149424], [37.3827304, 55.3167873], [37.3950736, 55.3080662], [37.389964, 55.3025414], [37.392513, 55.2995215], [37.3994496, 55.3016912], [37.404074, 55.3004863], [37.4028638, 55.2965262], [37.4108982, 55.2962582], [37.41323, 55.2935885], [37.4085699, 55.2919091], [37.409719, 55.2901725], [37.4179872, 55.2912782], [37.4152262, 55.2900262], [37.4109072, 55.2787407], [37.4053152, 55.2505764], [37.3532432, 55.2388534], [37.3344099, 55.2380419], [37.3333916, 55.2286723], [37.3166632, 55.2282851], [37.3169676, 55.2207156], [37.3008467, 55.2245258], [37.2999211, 55.2306084], [37.306662, 55.2316975], [37.3049981, 55.2358075], [37.3069924, 55.2401223], [37.3029831, 55.2429011], [37.2944596, 55.2423799], [37.291024, 55.2485853], [37.2715607, 55.2588241], [37.2678845, 55.2564651], [37.2768652, 55.2515818], [37.2744925, 55.2446116], [37.2701554, 55.2404862], [37.2512725, 55.2399967], [37.2474556, 55.2419298], [37.2455159, 55.2392653], [37.2347826, 55.2427651], [37.2342665, 55.2479159], [37.2190046, 55.2531095], [37.2142064, 55.2526908], [37.2078402, 55.2491025], [37.2059444, 55.2494691], [37.2011838, 55.2443623], [37.2048645, 55.2416338], [37.1939404, 55.2348099], [37.1848971, 55.2368907], [37.1715136, 55.2313471], [37.1633611, 55.2315787], [37.1662744, 55.2161455], [37.1695854, 55.2157646], [37.1666677, 55.2114437], [37.1688774, 55.1946373], [37.1744385, 55.1950437], [37.1672809, 55.1854214], [37.1711277, 55.1703684], [37.169879, 55.1643393], [37.1620628, 55.1647183], [37.1571762, 55.1617451], [37.1563181, 55.1647621], [37.1407765, 55.1643778], [37.1420798, 55.1556758], [37.1105834, 55.1541636], [37.1112104, 55.149187], [37.0643935, 55.147119], [37.064748, 55.1442772], [37.0448159, 55.143376], [37.0456319, 55.1421745], [37.0423537, 55.1338897], [37.060613, 55.1270786], [37.0550534, 55.1247662], [37.0573977, 55.1229282], [37.0528711, 55.1178934], [37.0518839, 55.1131729], [37.0553798, 55.1104579], [37.0570372, 55.1096477], [37.0630409, 55.1130515], [37.0708249, 55.1144449], [37.0814368, 55.1105781], [37.0969176, 55.1084304], [37.0983001, 55.1054495], [37.095221, 55.1033963], [37.098692, 55.097106], [37.1077194, 55.0997278], [37.1163222, 55.098063], [37.1171475, 55.0933516], [37.1113145, 55.0874868], [37.1105718, 55.0807769], [37.1117519, 55.0765405], [37.1203819, 55.073933], [37.1119883, 55.0682596], [37.1181588, 55.0634876], [37.1110239, 55.0615102], [37.1033858, 55.0616009], [37.0838062, 55.05655], [37.0968052, 55.0442306], [37.094554, 55.0366414], [37.0958678, 55.0324086], [37.113193, 55.0235108], [37.1196288, 55.021913], [37.1223176, 55.0233021], [37.1244159, 55.0198404], [37.1498994, 55.0001591], [37.1566435, 55.0004043], [37.1342978, 54.9913977], [37.1389536, 54.987892], [37.1542693, 54.9850999], [37.1466764, 54.981414], [37.1613125, 54.9753695], [37.1637158, 54.9706894], [37.1717409, 54.9681521], [37.1736077, 54.9601943], [37.169917, 54.9573483], [37.1621279, 54.9597631], [37.1677283, 54.9650603], [37.1612696, 54.9650726], [37.1577291, 54.9579767], [37.1623854, 54.9586912], [37.1687408, 54.956087], [37.1604962, 54.9504442], [37.1676141, 54.9492957], [37.1668941, 54.9462976], [37.1739039, 54.9403702], [37.1714746, 54.9383842], [37.1851242, 54.9311151], [37.1929945, 54.9232556], [37.1770045, 54.9088499], [37.1757387, 54.9028047], [37.1671501, 54.8951087], [37.173138, 54.8918642], [37.1741524, 54.8895129], [37.1687005, 54.8799177], [37.1757741, 54.8785446], [37.1655448, 54.8665854], [37.185275, 54.8611884], [37.1881007, 54.857373], [37.1907233, 54.8578153], [37.1903405, 54.8558193], [37.1932558, 54.8554918], [37.1957058, 54.8576239], [37.2012007, 54.8534767], [37.2006259, 54.8516507], [37.1966838, 54.8517783], [37.2002488, 54.8496033], [37.2051768, 54.848997], [37.2097399, 54.8534616], [37.215607, 54.85279], [37.219661, 54.8497735], [37.2198993, 54.8524384], [37.223933, 54.8532033], [37.2272667, 54.8519492], [37.2266372, 54.8498845], [37.229791, 54.8514396], [37.2333342, 54.8507071], [37.2289832, 54.8486785], [37.2326564, 54.8453915], [37.2511864, 54.8485565], [37.2548446, 54.850695], [37.2613686, 54.8507958], [37.2681483, 54.8474054], [37.2754303, 54.8473298], [37.2687091, 54.8418015], [37.2760927, 54.8357322], [37.2711426, 54.8350876], [37.270913, 54.8306626], [37.2946292, 54.826633], [37.2986941, 54.8296824], [37.2983221, 54.8420606], [37.2952403, 54.8461785], [37.3036049, 54.8508018], [37.3089063, 54.8484035], [37.3077471, 54.8471173], [37.3109578, 54.8462476], [37.3137263, 54.8426887], [37.3093594, 54.8427831], [37.3084794, 54.8413702], [37.3111188, 54.8402504], [37.3211626, 54.8382042], [37.3267729, 54.8391529], [37.3343434, 54.8460431], [37.3392649, 54.8406638], [37.3559074, 54.8337337], [37.358095, 54.8345691], [37.3588899, 54.848822], [37.370224, 54.8518365], [37.3740573, 54.8494114], [37.3760106, 54.8433774], [37.3745387, 54.8402921], [37.3768147, 54.8382917], [37.3863916, 54.8398283], [37.3909574, 54.8423497], [37.3905865, 54.8439781], [37.411949, 54.8410149], [37.4165142, 54.8435872], [37.4241368, 54.8402711], [37.4379643, 54.842377], [37.4462945, 54.8415869], [37.4464383, 54.8379951], [37.4503692, 54.8359411], [37.4563961, 54.8388657], [37.4663858, 54.82893], [37.4688998, 54.8236311], [37.4671942, 54.819036], [37.4846344, 54.8204393], [37.4930462, 54.8122112], [37.5039873, 54.8073568], [37.4985981, 54.8036846], [37.5000923, 54.7984783], [37.4971141, 54.7930839], [37.5093995, 54.7897554], [37.5217894, 54.7831044], [37.5182895, 54.7816019], [37.5235095, 54.7816631], [37.5261344, 54.7794902], [37.5369773, 54.7809787], [37.5447874, 54.7804279], [37.5569684, 54.7575271], [37.5491834, 54.7488865], [37.5479964, 54.7376042], [37.5637833, 54.7319554], [37.5663848, 54.737381], [37.5630378, 54.7423412], [37.5726375, 54.7416502], [37.5755882, 54.7445225], [37.5787335, 54.7445438], [37.5812445, 54.7417842], [37.6000084, 54.7426127], [37.6030367, 54.7460279], [37.6117584, 54.7413721], [37.6265155, 54.7433466], [37.6299873, 54.7379221], [37.6343223, 54.7375701], [37.6429582, 54.7333676], [37.6437677, 54.731166], [37.6440602, 54.7328482], [37.67824, 54.7190368], [37.6868694, 54.7138473], [37.688834, 54.7191981], [37.6946098, 54.7238023], [37.7033706, 54.7207644], [37.7272611, 54.7248492], [37.7403338, 54.732324], [37.7440458, 54.7329352], [37.7433571, 54.7340707], [37.7584263, 54.7429998], [37.7630179, 54.7438073], [37.7615993, 54.747933], [37.7662355, 54.7517853], [37.7578732, 54.7521669], [37.7638368, 54.7716456], [37.7713996, 54.7702906], [37.7756357, 54.7713946], [37.774685, 54.7759926], [37.7769725, 54.7787393], [37.7751786, 54.780366], [37.7780288, 54.7850239], [37.7703907, 54.786313], [37.770816, 54.7954578], [37.7694119, 54.7984892], [37.7642806, 54.7986554], [37.7643633, 54.804422], [37.7731906, 54.805462], [37.7762326, 54.8112132], [37.7751696, 54.8134649], [37.779168, 54.8156138], [37.7725219, 54.8181168], [37.7730776, 54.8207485], [37.7694868, 54.8210843], [37.7711529, 54.8251817], [37.7575005, 54.829067], [37.7542919, 54.8275483], [37.7481599, 54.8323696], [37.7933478, 54.8323364], [37.7921027, 54.834333], [37.8695438, 54.8431735], [37.8937768, 54.8498963], [37.9366237, 54.8500031], [37.9570313, 54.8412089], [37.9744496, 54.8398069], [37.9745126, 54.8332712], [37.9898544, 54.8253125], [37.9847789, 54.8214858], [37.9877156, 54.8197466], [37.9853272, 54.8184285], [37.9891648, 54.8174983], [37.9894532, 54.8159086], [37.9846381, 54.811506], [37.9830545, 54.8063299], [37.979873, 54.80547], [37.9837118, 54.8029729], [37.9822012, 54.7987548], [37.9731096, 54.792014], [37.9670421, 54.7908563], [37.9638531, 54.7859787], [37.9595414, 54.7860288], [37.9539961, 54.7806998], [37.9639824, 54.7768947], [37.9646738, 54.7788155], [37.9836193, 54.7749175], [37.9987494, 54.7839709], [38.0165495, 54.7831144], [38.0122095, 54.7761918], [38.0396567, 54.7646729], [38.0448205, 54.7342618], [38.0310182, 54.7361434], [38.0277781, 54.7184914], [38.0501654, 54.7208459], [38.0539898, 54.7171756], [38.0702476, 54.7089565], [38.0796378, 54.7092035], [38.0970295, 54.7149619], [38.1117101, 54.7149304], [38.1184603, 54.716841], [38.1252224, 54.7071086], [38.1302462, 54.7034073], [38.137144, 54.6866471], [38.1503174, 54.6873859], [38.1564986, 54.6935495], [38.1803166, 54.698485], [38.1835479, 54.6983161], [38.1870371, 54.6950984], [38.212292, 54.6964648], [38.2153323, 54.6792128], [38.2341619, 54.6669135], [38.2415184, 54.6715322], [38.2564763, 54.6637424], [38.2738441, 54.6738693], [38.276302, 54.6730758], [38.2812246, 54.6762971], [38.2912589, 54.6775329], [38.2999201, 54.6689701], [38.3146495, 54.661571], [38.3091995, 54.6573662], [38.3164218, 54.653615], [38.3180289, 54.6506996], [38.3310767, 54.656701], [38.3456825, 54.6581368], [38.360002, 54.6540502], [38.3637251, 54.648251], [38.371744, 54.6480853], [38.3915154, 54.6377457], [38.3918867, 54.6474135], [38.3958693, 54.648429], [38.3976919, 54.6461051], [38.4010333, 54.6457731], [38.4185023, 54.6489068], [38.422812, 54.6511886], [38.4288367, 54.6475805], [38.4330213, 54.6514607], [38.4421092, 54.6487555], [38.4447196, 54.6517563], [38.4515974, 54.6511585], [38.4528631, 54.6531854], [38.4566444, 54.6535882], [38.4705397, 54.6443246], [38.4642683, 54.6409535], [38.4730837, 54.6365771], [38.4721716, 54.6336747], [38.4834903, 54.6299448], [38.4798741, 54.6235266], [38.4823764, 54.6164777], [38.4858918, 54.6134134], [38.490895, 54.6154985], [38.4954583, 54.6144114], [38.5115379, 54.5990088], [38.5113467, 54.5967133], [38.5189586, 54.5962053], [38.5191725, 54.5951145], [38.5165881, 54.5914905], [38.493516, 54.584808], [38.4798609, 54.5751548], [38.4712925, 54.5713611], [38.4548814, 54.5691087], [38.4461348, 54.5725404], [38.4544344, 54.5648825], [38.4522698, 54.5633463], [38.4582339, 54.5576286], [38.4543769, 54.557089], [38.4519959, 54.5534405], [38.4587504, 54.5504071], [38.4556114, 54.5493955], [38.4391868, 54.5537411], [38.4366853, 54.5500877], [38.4420665, 54.5491748], [38.4392399, 54.5428523], [38.4537231, 54.5406203], [38.4509561, 54.5366771], [38.4338073, 54.5386725], [38.4292911, 54.5447127], [38.4219483, 54.545924], [38.4238409, 54.5415877], [38.4193048, 54.539993], [38.4142642, 54.5407219], [38.3889417, 54.5328416], [38.3862396, 54.5334972], [38.385376, 54.5309172], [38.3761724, 54.5264833], [38.3789915, 54.5251304], [38.3799194, 54.5139641], [38.3823682, 54.5124379], [38.3889536, 54.5131017], [38.3988515, 54.5072996], [38.4002689, 54.503249], [38.3945433, 54.4992266], [38.39772, 54.475176], [38.3922883, 54.4690893], [38.3865166, 54.4666383], [38.4003052, 54.4610046], [38.4094626, 54.4628507], [38.4201261, 54.4568375], [38.4317623, 54.4416816], [38.4507226, 54.4400104], [38.450335, 54.438355], [38.4581911, 54.434051], [38.4702551, 54.4231912], [38.4536547, 54.4160738], [38.475554, 54.4018178], [38.4831202, 54.4025161], [38.4844957, 54.3977465], [38.5273654, 54.3950475], [38.5280583, 54.3876916], [38.5234254, 54.38476], [38.5283512, 54.3806485], [38.5183871, 54.3688954], [38.5159644, 54.3694603], [38.5177175, 54.3652539], [38.5087222, 54.3614949], [38.5129214, 54.3576501], [38.5130111, 54.3544945], [38.5039226, 54.3449298], [38.51384, 54.3421918], [38.5106334, 54.3386184], [38.5168604, 54.3341345], [38.5085156, 54.3307635], [38.5071843, 54.3277617], [38.5103824, 54.327095], [38.5107018, 54.3250697], [38.5176193, 54.3238864], [38.5195038, 54.3217836], [38.5078349, 54.3120841], [38.5107436, 54.3083947], [38.5163787, 54.3079713], [38.5189983, 54.3061053], [38.5105459, 54.2973993], [38.5129104, 54.2941034], [38.528362, 54.2941443], [38.528514, 54.2891088], [38.570939, 54.2904647], [38.5755887, 54.2876022], [38.5935981, 54.286134], [38.5939111, 54.2842212], [38.6081432, 54.2764764], [38.6277821, 54.2780299], [38.6321728, 54.2805076], [38.6391906, 54.2644709], [38.6581138, 54.2556959], [38.6659818, 54.256714]], [[37.1316021, 56.0164459], [37.1360907, 56.0191079], [37.1505203, 56.0164989], [37.158256, 56.0179977], [37.1588626, 56.0137002], [37.1617302, 56.0132212], [37.1776116, 56.0151322], [37.1852849, 56.0189154], [37.1846559, 56.0201612], [37.1889779, 56.0212238], [37.2032502, 56.0154857], [37.2073752, 56.0171497], [37.2106648, 56.0124305], [37.2423008, 56.0002817], [37.2463117, 56.0008098], [37.2484437, 55.9978412], [37.2605622, 55.9931426], [37.2537923, 55.9882694], [37.2555496, 55.9872614], [37.263013, 55.9885432], [37.2644583, 55.9871372], [37.2651738, 55.9830376], [37.2677431, 55.9819338], [37.2611094, 55.9680672], [37.2682913, 55.9678065], [37.2622617, 55.9668768], [37.2524878, 55.9678978], [37.25327, 55.9704143], [37.2419261, 55.979338], [37.2358184, 55.9797992], [37.233266, 55.9784951], [37.2237723, 55.9817038], [37.2205147, 55.9813061], [37.2170014, 55.9759938], [37.2128397, 55.9765963], [37.2113032, 55.9704557], [37.2131413, 55.9701733], [37.2124004, 55.9692435], [37.2085291, 55.9700967], [37.2076749, 55.9687217], [37.2115659, 55.9671511], [37.2056397, 55.9631208], [37.212592, 55.9558441], [37.2172453, 55.9579073], [37.2193881, 55.9571182], [37.2185558, 55.9552062], [37.2207934, 55.9540293], [37.2174548, 55.9480078], [37.2023482, 55.9485977], [37.202851, 55.9532172], [37.1959052, 55.9547182], [37.1952343, 55.9537653], [37.1888245, 55.9561139], [37.1864035, 55.9530893], [37.1832438, 55.9542512], [37.1844112, 55.9573578], [37.1825098, 55.9587334], [37.1748638, 55.9574757], [37.1713813, 55.9607034], [37.1686421, 55.9607015], [37.1691449, 55.9588613], [37.1659944, 55.9585137], [37.1593128, 55.9625217], [37.149624, 55.9622873], [37.1466108, 55.9637194], [37.1484048, 55.9656309], [37.1455974, 55.9660427], [37.1463797, 55.9699697], [37.1487736, 55.9702666], [37.1487335, 55.9769919], [37.1440873, 55.9898821], [37.1527368, 55.9930872], [37.1491992, 55.9983433], [37.1511709, 55.9995486], [37.1316021, 56.0164459]], [[36.8880788, 55.7344361], [36.8997282, 55.7337604], [36.8992183, 55.7410401], [36.8968708, 55.7421693], [36.8985833, 55.7418064], [36.8997474, 55.7453672], [36.9047551, 55.7453943], [36.9080791, 55.7487516], [36.9210193, 55.7465802], [36.9329204, 55.7526366], [36.9332186, 55.7544071], [36.968056, 55.7600373], [36.9718082, 55.757945], [36.9706585, 55.7557498], [36.9593587, 55.755276], [36.9571074, 55.7582455], [36.9563714, 55.7539658], [36.9606094, 55.7506549], [36.9590075, 55.7498752], [36.9669592, 55.7474575], [36.9681319, 55.7495498], [36.9703896, 55.7495426], [36.9720134, 55.7539217], [36.9718338, 55.7521907], [36.9781789, 55.7511847], [36.9807915, 55.7559098], [36.974935, 55.7572142], [36.9787545, 55.7604866], [36.9836419, 55.758684], [36.9827135, 55.7576446], [36.9869564, 55.7546642], [36.9873075, 55.7517866], [36.9845415, 55.7502597], [36.9911174, 55.7484322], [36.9850081, 55.7454836], [36.9861771, 55.7445116], [36.9920502, 55.7447089], [36.9951626, 55.74769], [36.9926082, 55.7491656], [36.9959948, 55.7473461], [37.0060342, 55.749596], [37.0081556, 55.7477279], [36.9993958, 55.7436096], [37.0013729, 55.7416572], [37.0101808, 55.7463877], [37.0204704, 55.7454183], [37.0244968, 55.7404846], [37.0219665, 55.7349139], [37.0291177, 55.7339643], [37.0248364, 55.7337855], [37.0240186, 55.7322579], [37.0272512, 55.7335201], [37.038907, 55.7316322], [37.0467747, 55.7268231], [37.0478618, 55.7217625], [37.0413966, 55.7191913], [37.0529802, 55.7182592], [37.0540308, 55.7201737], [37.0486238, 55.7212222], [37.0546273, 55.7235495], [37.0682166, 55.7228916], [37.070237, 55.7290194], [37.0737775, 55.7301381], [37.0809499, 55.7279196], [37.095059, 55.7280794], [37.0969688, 55.7259691], [37.1017456, 55.7254571], [37.1145406, 55.7278156], [37.1206692, 55.7327319], [37.1159693, 55.7361039], [37.1110675, 55.7321848], [37.1077483, 55.7346874], [37.1029667, 55.7341241], [37.1050592, 55.7323771], [37.0963138, 55.7315862], [37.0943655, 55.7285632], [37.0820508, 55.7326723], [37.0798139, 55.7356354], [37.0860434, 55.7415987], [37.0898966, 55.741271], [37.0926626, 55.7436215], [37.1073875, 55.7415743], [37.1116255, 55.7380078], [37.1220161, 55.7348608], [37.1277753, 55.7280823], [37.1192901, 55.7238615], [37.123073, 55.7211971], [37.1167376, 55.7199401], [37.1120866, 55.7170626], [37.1130095, 55.7161027], [37.0786834, 55.7151034], [37.067831, 55.7226277], [37.0616544, 55.7203735], [37.0583929, 55.712052], [37.0545397, 55.7097566], [37.0379436, 55.7091739], [37.0338403, 55.7139869], [37.0275145, 55.7123285], [37.0246619, 55.7097268], [37.0291475, 55.7118178], [37.0352703, 55.7075022], [37.034692, 55.7062296], [37.0201063, 55.7067931], [37.0172354, 55.7053671], [37.0041736, 55.7054131], [36.9920438, 55.7120899], [36.997908, 55.712477], [37.0002415, 55.7078854], [37.0020443, 55.7080848], [37.0033641, 55.7107485], [36.9989761, 55.713186], [37.0066907, 55.7158303], [37.0110243, 55.7152286], [37.0132216, 55.7121589], [37.0094324, 55.7074907], [37.0206459, 55.7069193], [37.0242523, 55.7095857], [37.0148396, 55.7107633], [37.0173715, 55.7156616], [37.0116706, 55.7158647], [37.01214, 55.7204247], [37.0083235, 55.7198193], [37.0093235, 55.7229842], [37.0060733, 55.7253243], [36.9998871, 55.7229565], [36.9967025, 55.7192609], [36.9912379, 55.7189466], [36.9679937, 55.7278057], [36.9625675, 55.7277732], [36.9620864, 55.7299294], [36.9652517, 55.7354494], [36.9738432, 55.7362565], [36.9797216, 55.7347561], [36.9856481, 55.7273289], [36.9935544, 55.7315609], [36.9908558, 55.7334623], [36.9942712, 55.7365282], [36.9993559, 55.7383563], [37.0031706, 55.7351713], [37.0056864, 55.7396562], [36.9953439, 55.73834], [36.9895569, 55.734738], [36.9839527, 55.7385296], [36.9925202, 55.7398484], [36.9927944, 55.7414164], [36.9891432, 55.7414516], [36.9900524, 55.739648], [36.9813821, 55.7386657], [36.9775837, 55.7421556], [36.9743208, 55.7411057], [36.9763911, 55.7384217], [36.9638402, 55.7361599], [36.9619978, 55.7327527], [36.9476722, 55.7317613], [36.9462858, 55.7366174], [36.9354882, 55.7369933], [36.9363182, 55.7394177], [36.9411824, 55.7389466], [36.9414749, 55.7422287], [36.9458016, 55.7454798], [36.9450784, 55.7481959], [36.9489123, 55.7499963], [36.9441981, 55.7546662], [36.9381657, 55.7539272], [36.9342426, 55.7432251], [36.9242829, 55.7367662], [36.9111224, 55.7361227], [36.9108929, 55.7384664], [36.9083325, 55.7412362], [36.9051721, 55.7412321], [36.9071347, 55.7384916], [36.9108092, 55.7384444], [36.911097, 55.7360731], [36.9240181, 55.7366716], [36.921103, 55.7327174], [36.9179714, 55.7332861], [36.9189142, 55.7310489], [36.9141952, 55.7328392], [36.8895754, 55.7330266], [36.8880788, 55.7344361]], [[37.8453271, 55.8135622], [37.8573206, 55.8179111], [37.8575479, 55.8195725], [37.8722522, 55.8224984], [37.8737977, 55.8200036], [37.8879343, 55.8207108], [37.8972431, 55.8182319], [37.8999346, 55.8151406], [37.895435, 55.8137604], [37.8841286, 55.8166608], [37.8665868, 55.8042107], [37.8616973, 55.8086902], [37.8563695, 55.8060414], [37.8521852, 55.8089604], [37.8502374, 55.808557], [37.8453271, 55.8135622]], [[36.9007522, 55.3148568], [36.9039411, 55.3172336], [36.9061728, 55.3167452], [36.909091, 55.3199197], [36.9084644, 55.3298632], [36.910332, 55.3313028], [36.9158469, 55.3303256], [36.9132967, 55.3259751], [36.9226717, 55.3238557], [36.9176076, 55.3167744], [36.9120093, 55.3167452], [36.9110651, 55.3135704], [36.9066878, 55.3112747], [36.9007522, 55.3148568]], [[37.290502, 55.8019897], [37.3035641, 55.8035588], [37.3023539, 55.7986335], [37.2931684, 55.7963971], [37.290502, 55.8019897]], [[37.791304, 56.0071472], [37.798958, 56.0095901], [37.7995073, 56.0061099], [37.7968617, 56.0046327], [37.791304, 56.0071472]], [[37.7887247, 56.0013886], [37.7935324, 56.0037672], [37.7977323, 55.99985], [37.7953284, 55.9990248], [37.7930205, 56.0011418], [37.7901829, 56.0001243], [37.7887247, 56.0013886]], [[37.8685109, 55.8239188], [37.8760016, 55.8249027], [37.8689418, 55.8228697], [37.8685109, 55.8239188]], [[37.2885672, 55.6548667], [37.2926457, 55.6547082], [37.292595, 55.6520467], [37.2895784, 55.6519181], [37.2885672, 55.6548667]]]}}]}