station_id;station_name;lon;lat;corridor_id;rail_corridor_id;corridor_candidates;corridor_name;railway;corridor_qids;mcd_line;mcd_lines;treatment_date;line_launch_date;treatment_date_quality;treatment_group;opening_date;opening_date_precision;opening_year;baseline_operating;did_eligible_candidate;review_status;source_url;osm_station_id;osm_match_m;osm_name_score
osm_node_11223558069;122 км;38.9705527;55.7434748;;;;;;;;;;;not_classified;unclassified;;0;;;0;osm_only_line_unknown;https://www.openstreetmap.org/node/11223558069;node_11223558069;0.0;1.0
osm_node_11193026648;123 км;38.2584983;54.7529476;;;;;;;;;;;not_classified;unclassified;;0;;;0;osm_only_line_unknown;https://www.openstreetmap.org/node/11193026648;node_11193026648;0.0;1.0
osm_node_11223558074;14 км;38.7833436;55.8644288;;;;;;;;;;;not_classified;unclassified;;0;;;0;osm_only_line_unknown;https://www.openstreetmap.org/node/11223558074;node_11223558074;0.0;1.0
osm_node_1844696717;165 км;35.3702709;56.0500602;;;;;;;;;;;not_classified;unclassified;;0;;;0;osm_only_line_unknown;https://www.openstreetmap.org/node/1844696717;node_1844696717;0.0;1.0
osm_node_1844696719;167 км;35.3239954;56.0560916;;;;;;;;;;;not_classified;unclassified;;0;;;0;osm_only_line_unknown;https://www.openstreetmap.org/node/1844696719;node_1844696719;0.0;1.0
wd_Q4029318;185 км;39.03947;55.83114;;;;;МЖД;;;;;;never_mcd_in_source;unclassified;;0;;;0;line_unknown;https://www.wikidata.org/wiki/Q4029318;;;
osm_node_3481429975;29 км;39.6448013;55.3332494;;;;;;;;;;;not_classified;unclassified;;0;;;0;osm_only_line_unknown;https://www.openstreetmap.org/node/3481429975;node_3481429975;0.0;1.0
osm_node_3510838566;294 км;37.5718045;55.1787092;;;;;;;;;;;not_classified;unclassified;;0;;;0;osm_only_line_unknown;https://www.openstreetmap.org/node/3510838566;node_3510838566;0.0;1.0
osm_node_11211041123;47 км;39.6207178;55.1898335;;;;;;;;;;;not_classified;unclassified;;0;;;0;osm_only_line_unknown;https://www.openstreetmap.org/node/11211041123;node_11211041123;0.0;1.0
osm_node_327399492;81 км;38.2282519;56.369887;;;;;;;;;;;not_classified;unclassified;;0;;;0;osm_only_line_unknown;https://www.openstreetmap.org/node/327399492;node_327399492;0.0;1.0
wd_Q4374174;81 км;38.2314248;56.3703366;;;BIG_RING|YAROSLAVSKOE;;МЖД;Q1548805|Q4538927;;;;;never_mcd_in_source;control_candidate;1944-01-01;9;1944;1;0;multiple_corridors;https://www.wikidata.org/wiki/Q4374174;node_2916489266;198.0;1.0
osm_node_265769933;83 км;38.2697872;56.3853044;;;;;;;;;;;not_classified;unclassified;;0;;;0;osm_only_line_unknown;https://www.openstreetmap.org/node/265769933;node_265769933;0.0;1.0
wd_Q4032568;83 км;38.373111111;56.395888888;;;BIG_RING|YAROSLAVSKOE;;МЖД;Q1548805|Q4538927;;;;;never_mcd_in_source;control_candidate;;0;;;0;opening_unknown;https://www.wikidata.org/wiki/Q4032568;;;
wd_Q4032636;88 км;38.6855924;55.3273054;;;BIG_RING|RYAZANSKOE;;МЖД;Q1548805|Q4402675;;;;;never_mcd_in_source;control_candidate;1862-01-01;9;1862;1;0;mcd_corridor_service_uncertain;https://www.wikidata.org/wiki/Q4032636;node_1994609881;31.2;1.0
osm_node_617011885;Бармино;39.6496204;55.2633767;;;;;;;;;;;not_classified;unclassified;;0;;;0;osm_only_line_unknown;https://www.openstreetmap.org/node/617011885;node_617011885;0.0;1.0
wd_Q4081290;Бекасово I;36.8401684;55.4296452;;;BIG_RING|KIEVSKOE;;МЖД;Q1548805|Q4220266;;;;;never_mcd_in_source;control_candidate;1923-01-01;9;1923;1;0;mcd_corridor_service_uncertain;https://www.wikidata.org/wiki/Q4081290;node_255593178;58.0;1.0
wd_Q4081295;Бекасово-Сортировочное;36.8905;55.40221;;;;;МЖД;;;;;;never_mcd_in_source;unclassified;1972-01-01;9;1972;1;0;line_unknown;https://www.wikidata.org/wiki/Q4081295;;;
osm_node_8540724129;Белокаменная;37.7000597;55.8302048;;;;;;;;;;;not_classified;unclassified;;0;;;0;osm_only_line_unknown;https://www.openstreetmap.org/node/8540724129;node_8540724129;0.0;1.0
wd_Q4090455;Бойня;37.6934157;55.7259229;;;;;МЖД;;;;;;never_mcd_in_source;unclassified;1893-01-01;9;1893;1;0;line_unknown;https://www.wikidata.org/wiki/Q4090455;node_311717434;46.7;1.0
osm_node_316486724;Болшево;37.8574961;55.9306295;;;;;;;;;;;not_classified;unclassified;;0;;;0;osm_only_line_unknown;https://www.openstreetmap.org/node/316486724;node_316486724;0.0;1.0
wd_Q4091083;Болшево;37.8612364;55.9261494;;;Q109746531|Q19909429;;МЖД;Q109746531|Q19909429;;;;;never_mcd_in_source;control_candidate;1896-01-01;9;1896;1;0;multiple_corridors;https://www.wikidata.org/wiki/Q4091083;node_316978214;10.4;1.0
wd_Q4096004;Братцево;37.5028;55.828149;;;;;МЖД;;;;;;never_mcd_in_source;unclassified;1908-01-01;9;1908;1;0;line_unknown;https://www.wikidata.org/wiki/Q4096004;;;
wd_Q18401312;Бужаниново;38.3079348;56.3918671;;;BIG_RING|YAROSLAVSKOE;;МЖД;Q1548805|Q4538927;;;;;never_mcd_in_source;control_candidate;1901-01-01;9;1901;1;0;multiple_corridors;https://www.wikidata.org/wiki/Q18401312;node_265769931;21.5;1.0
wd_Q4114496;Военное поле;37.504722222;55.789166666;;;;;МЖД;;;;;;never_mcd_in_source;unclassified;1908-01-01;9;1908;1;0;line_unknown;https://www.wikidata.org/wiki/Q4114496;;;
wd_Q4125275;Воробьёвы Горы;37.563055555;55.720277777;;;;;МЖД;;;;;;never_mcd_in_source;unclassified;1908-01-01;9;1908;1;0;line_unknown;https://www.wikidata.org/wiki/Q4125275;;;
wd_Q4126165;Воскресенск;38.7019393;55.3129901;;;BIG_RING|RYAZANSKOE;;МЖД;Q1548805|Q4402675;;;;;never_mcd_in_source;control_candidate;1862-01-01;9;1862;1;0;mcd_corridor_service_uncertain;https://www.wikidata.org/wiki/Q4126165;node_1989061172;58.2;1.0
osm_node_12027793845;Высоково;36.5856756;56.3708527;;;;;;;;;;;not_classified;unclassified;;0;;;0;osm_only_line_unknown;https://www.openstreetmap.org/node/12027793845;node_12027793845;0.0;1.0
wd_Q4141611;Голицыно;36.9867352;55.6151881;;;BELORUSSKOE|Q16651550;;МЖД;Q16651550|Q4424999;;;;;never_mcd_in_source;control_candidate;1870-01-01;9;1870;1;0;mcd_corridor_service_uncertain;https://www.wikidata.org/wiki/Q4141611;node_253337001;24.0;1.0
wd_Q4142658;Голутвин;38.8052754;55.0861808;;;Q109746826|RYAZANSKOE;;МЖД;Q109746826|Q4402675;;;;;never_mcd_in_source;control_candidate;1862-01-01;9;1862;1;0;mcd_corridor_service_uncertain;https://www.wikidata.org/wiki/Q4142658;node_208676751;19.2;1.0
osm_node_277523022;Гривно;37.5268085;55.3566852;;;;;;;;;;;not_classified;unclassified;;0;;;0;osm_only_line_unknown;https://www.openstreetmap.org/node/277523022;node_277523022;0.0;1.0
osm_node_11223558066;Депо;38.9712001;55.7746055;;;;;;;;;;;not_classified;unclassified;;0;;;0;osm_only_line_unknown;https://www.openstreetmap.org/node/11223558066;node_11223558066;0.0;1.0
osm_node_367160704;Детская;38.143522;55.5967329;;;;;;;;;;;not_classified;unclassified;;0;;;0;osm_only_line_unknown;https://www.openstreetmap.org/node/367160704;node_367160704;0.0;1.0
wd_Q4161829;Динамо (платформа);37.764;55.941083333;;;;;МЖД;;;;;;never_mcd_in_source;unclassified;1930-01-01;9;1930;1;0;line_unknown;https://www.wikidata.org/wiki/Q4161829;;;
wd_Q4162925;Дмитров;37.5104118;56.3375775;;;BIG_RING|SAVELOVSKOE;;МЖД;Q1548805|Q4404352;;;;;never_mcd_in_source;control_candidate;1901-01-01;9;1901;1;0;mcd_corridor_service_uncertain;https://www.wikidata.org/wiki/Q4162925;node_324947787;25.7;1.0
wd_Q19909285;Егорьевск I;39.0319092;55.3748566;;;;;МЖД;;;;;;never_mcd_in_source;unclassified;1870-01-01;9;1870;1;0;line_unknown;https://www.wikidata.org/wiki/Q19909285;node_3498765488;57.6;1.0
wd_Q14927517;Жилёво;38.031223;54.9861497;;;BIG_RING|PAVELETSKOE;;МЖД;Q1548805|Q4341281;;;;;never_mcd_in_source;control_candidate;1900-01-01;9;1900;1;0;multiple_corridors;https://www.wikidata.org/wiki/Q14927517;node_3428853702;50.8;1.0
osm_node_1145722295;Заводская;37.7640438;55.563735;;;;;;;;;;;not_classified;unclassified;;0;;;0;osm_only_line_unknown;https://www.openstreetmap.org/node/1145722295;node_1145722295;0.0;1.0
osm_node_3608481074;Заводская;37.9176148;55.587398;;;;;;;;;;;not_classified;unclassified;;0;;;0;osm_only_line_unknown;https://www.openstreetmap.org/node/3608481074;node_3608481074;0.0;1.0
osm_node_4086954099;Заводская;38.052364;54.9156653;;;;;;;;;;;not_classified;unclassified;;0;;;0;osm_only_line_unknown;https://www.openstreetmap.org/node/4086954099;node_4086954099;0.0;1.0
osm_node_1232332622;Зубово;38.3028296;54.7753736;;;;;;;;;;;not_classified;unclassified;;0;;;0;osm_only_line_unknown;https://www.openstreetmap.org/node/1232332622;node_1232332622;0.0;1.0
wd_Q4196812;Ивантеевка-Грузовая;38.030472222;55.963305555;;;;;МЖД;;;;;;never_mcd_in_source;unclassified;1920-01-01;9;1920;1;0;line_unknown;https://www.wikidata.org/wiki/Q4196812;;;
wd_Q4199125;Икша;37.5092777;56.1718602;;;BIG_RING|SAVELOVSKOE;;МЖД;Q1548805|Q4404352;;;;;never_mcd_in_source;control_candidate;1901-01-01;9;1901;1;0;mcd_corridor_service_uncertain;https://www.wikidata.org/wiki/Q4199125;node_268588155;74.2;1.0
osm_relation_12730189;Калошино;37.7584232;55.8149179;;;;;;;;;;;not_classified;unclassified;;0;;;0;osm_only_line_unknown;https://www.openstreetmap.org/relation/12730189;relation_12730189;0.0;1.0
wd_Q4212209;Канатчиково;37.591367;55.7017698;;;;;МЖД;;;;;;never_mcd_in_source;unclassified;1908-01-01;9;1908;1;0;line_unknown;https://www.wikidata.org/wiki/Q4212209;node_1387795431;273.6;1.0
osm_node_1364937500;Кашира-Силовая;38.241923;54.8557239;;;;;;;;;;;not_classified;unclassified;;0;;;0;osm_only_line_unknown;https://www.openstreetmap.org/node/1364937500;node_1364937500;0.0;1.0
osm_node_1182571533;Кашира-Товарная;38.1611487;54.8468576;;;;;;;;;;;not_classified;unclassified;;0;;;0;osm_only_line_unknown;https://www.openstreetmap.org/node/1182571533;node_1182571533;0.0;1.0
wd_Q4240608;Кривандино;39.6861557;55.559384;;;KAZANSKOE|Q4178812;;МЖД;Q4178812|Q4207854;;;;;never_mcd_in_source;control_candidate;1912-01-01;9;1912;1;0;mcd_corridor_service_uncertain;https://www.wikidata.org/wiki/Q4240608;node_314800929;141.8;1.0
osm_node_1994411907;Крюково;37.1739643;55.9802209;;;;;;;;;;;not_classified;unclassified;;0;;;0;osm_only_line_unknown;https://www.openstreetmap.org/node/1994411907;node_1994411907;0.0;1.0
osm_node_2504903003;Крюково-Грузовое;37.193292;56.0056281;;;;;;;;;;;not_classified;unclassified;;0;;;0;osm_only_line_unknown;https://www.openstreetmap.org/node/2504903003;node_2504903003;0.0;1.0
wd_Q4243609;Кубинка I;36.690883;55.5791251;;;BELORUSSKOE|BIG_RING;;МЖД;Q1548805|Q4424999;;;;;never_mcd_in_source;control_candidate;1870-01-01;9;1870;1;0;mcd_corridor_service_uncertain;https://www.wikidata.org/wiki/Q4243609;node_329526473;77.8;1.0
wd_Q4247314;Кунцево-2;37.3924879;55.7297909;;;;;МЖД;;;;;;never_mcd_in_source;unclassified;1964-01-01;9;1964;1;0;line_unknown;https://www.wikidata.org/wiki/Q4247314;node_375896139;145.5;0.84
osm_node_31447943;Кунцевская;37.4495857;55.7268977;;;;;;;;;;;not_classified;unclassified;;0;;;0;osm_only_line_unknown;https://www.openstreetmap.org/node/31447943;node_31447943;0.0;1.0
wd_Q4248681;Куровская;38.9215575;55.5731427;;;BIG_RING|KAZANSKOE;;МЖД;Q1548805|Q4207854;;;;;never_mcd_in_source;control_candidate;1899-01-01;9;1899;1;0;mcd_corridor_service_uncertain;https://www.wikidata.org/wiki/Q4248681;node_2007383838;77.2;1.0
wd_Q577854;Курский вокзал;37.660555555;55.7575;;;GORKOVSKOE|KURSKOE;;МЖД;Q4146162|Q4248874;;D2|D4;2019-11-21;2019-11-21;line_launch;treated;1896-01-01;9;1896;1;0;multiple_mcd_lines;https://www.wikidata.org/wiki/Q577854;;;
wd_Q4260379;Лефортово;37.7460652;55.7627946;;;Q117472680|Q22117593;;МЖД;Q117472680|Q22117593;;;;;never_mcd_in_source;control_candidate;1908-01-01;9;1908;1;0;multiple_corridors;https://www.wikidata.org/wiki/Q4260379;node_1062135937;29.0;1.0
wd_Q4264205;Лихоборы;37.5304764;55.842712;;;;;МЖД;;;;;;never_mcd_in_source;unclassified;1908-01-01;9;1908;1;0;line_unknown;https://www.wikidata.org/wiki/Q4264205;node_266426836;50.3;1.0
wd_Q4271683;Люблино-Сортировочное;37.7300731;55.6715844;;;;;МЖД;;;;;;never_mcd_in_source;unclassified;1904-01-01;9;1904;1;0;line_unknown;https://www.wikidata.org/wiki/Q4271683;node_1988800418;329.1;1.0
wd_Q4280493;Манихино I;36.9294917;55.8906843;;;BIG_RING|RIZHSKOE;;МЖД;Q1548805|Q4394582;;;;;never_mcd_in_source;control_candidate;1906-01-01;9;1906;1;0;mcd_corridor_service_uncertain;https://www.wikidata.org/wiki/Q4280493;node_1994609665;219.5;1.0
osm_node_1994609667;Матрёнино;36.09305;56.0047654;;;;;;;;;;;not_classified;unclassified;;0;;;0;osm_only_line_unknown;https://www.openstreetmap.org/node/1994609667;node_1994609667;0.0;1.0
osm_node_4366001254;Медведково;37.6121431;55.8800253;;;;;;;;;;;not_classified;unclassified;;0;;;0;osm_only_line_unknown;https://www.openstreetmap.org/node/4366001254;node_4366001254;0.0;1.0
wd_Q4298187;Михнево;37.9607392;55.1208657;;;BIG_RING|PAVELETSKOE;;МЖД;Q1548805|Q4341281;;;;;never_mcd_in_source;control_candidate;1900-01-01;9;1900;1;0;multiple_corridors;https://www.wikidata.org/wiki/Q4298187;node_1994637868;69.4;1.0
wd_Q4302877;Морозки;37.5261866;56.2075032;;;BIG_RING|SAVELOVSKOE;;МЖД;Q1548805|Q4404352;;;;;never_mcd_in_source;control_candidate;1964-01-01;9;1964;1;0;mcd_corridor_service_uncertain;https://www.wikidata.org/wiki/Q4302877;node_690925615;16.1;1.0
osm_node_2687590617;Москва-Бутырская;37.5887393;55.7955692;;;;;;;;;;;not_classified;unclassified;;0;;;0;osm_only_line_unknown;https://www.openstreetmap.org/node/2687590617;node_2687590617;0.0;1.0
osm_node_26999673;Москва-Пассажирская;37.6537207;55.7788343;;;;;;;;;;;not_classified;unclassified;;0;;;0;osm_only_line_unknown;https://www.openstreetmap.org/node/26999673;node_26999673;0.0;1.0
wd_Q21844902;Москва-Пассажирская-Казанская;37.6599154;55.7742335;;;KAZANSKOE|RYAZANSKOE;;МЖД;Q4207854|Q4402675;;;;;never_mcd_in_source;control_candidate;1864-01-01;9;1864;1;0;mcd_corridor_service_uncertain;https://www.wikidata.org/wiki/Q21844902;node_85698866;198.8;1.0
osm_node_2687602339;Москва-Пассажирская-Киевская;37.5628449;55.7420034;;;;;;;;;;;not_classified;unclassified;;0;;;0;osm_only_line_unknown;https://www.openstreetmap.org/node/2687602339;node_2687602339;0.0;1.0
osm_node_61088523;Москва-Пассажирская-Курская;37.6627881;55.7576777;;;;;;;;;;;not_classified;unclassified;;0;;;0;osm_only_line_unknown;https://www.openstreetmap.org/node/61088523;node_61088523;0.0;1.0
osm_node_1705951317;Москва-Пассажирская-Павелецкая;37.6410311;55.7290949;;;;;;;;;;;not_classified;unclassified;;0;;;0;osm_only_line_unknown;https://www.openstreetmap.org/node/1705951317;node_1705951317;0.0;1.0
osm_node_2687590616;Москва-Пассажирская-Смоленская;37.5803618;55.7763133;;;;;;;;;;;not_classified;unclassified;;0;;;0;osm_only_line_unknown;https://www.openstreetmap.org/node/2687590616;node_2687590616;0.0;1.0
osm_node_146573247;Москва-Рижская;37.6322554;55.795067;;;;;;;;;;;not_classified;unclassified;;0;;;0;osm_only_line_unknown;https://www.openstreetmap.org/node/146573247;node_146573247;0.0;1.0
wd_Q4303702;Москва-Товарная-Рязанская;37.67833;55.77957;;;;;МЖД;;;;;;never_mcd_in_source;unclassified;1897-01-01;9;1897;1;0;line_unknown;https://www.wikidata.org/wiki/Q4303702;;;
wd_Q48948387;Москва-Товарная-Смоленская;37.5564951;55.7721776;;;;;МЖД;;;;;;never_mcd_in_source;unclassified;1910-01-01;9;1910;1;0;line_unknown;https://www.wikidata.org/wiki/Q48948387;node_1167209019;120.8;1.0
osm_node_3599132222;Музей;36.7120802;55.5655356;;;;;;;;;;;not_classified;unclassified;;0;;;0;osm_only_line_unknown;https://www.openstreetmap.org/node/3599132222;node_3599132222;0.0;1.0
osm_node_688843256;Муриково;35.4055379;56.0317997;;;;;;;;;;;not_classified;unclassified;;0;;;0;osm_only_line_unknown;https://www.openstreetmap.org/node/688843256;node_688843256;0.0;1.0
wd_Q4309601;Мытищи;37.7617421;55.9148226;;;Q19909429|YAROSLAVSKOE;;МЖД;Q19909429|Q4538927;;;;;never_mcd_in_source;control_candidate;1862-01-01;9;1862;1;0;multiple_corridors;https://www.wikidata.org/wiki/Q4309601;node_316109463;48.0;1.0
wd_Q4318646;Нижегородский вокзал;37.688638888;55.737833333;;;;;МЖД;;;;;;never_mcd_in_source;unclassified;1861-01-01;9;1861;1;0;line_unknown;https://www.wikidata.org/wiki/Q4318646;;;
wd_Q4325071;Новопролетарская;37.730944;55.7242373;;;;;МЖД;;;;;;never_mcd_in_source;unclassified;1933-01-01;9;1933;1;0;shared_osm_stop;https://www.wikidata.org/wiki/Q4325071;node_1062480585;89.8;1.0
osm_node_2166561859;Обменная;37.6738654;55.5890429;;;;;;;;;;;not_classified;unclassified;;0;;;0;osm_only_line_unknown;https://www.openstreetmap.org/node/2166561859;node_2166561859;0.0;1.0
wd_Q4331853;Ожерелье;38.2729159;54.8013576;;;PAVELETSKOE|Q109631712|Q109646144;;МЖД;Q109631712|Q109646144|Q4341281;;;;;never_mcd_in_source;control_candidate;1900-01-01;9;1900;1;0;multiple_corridors;https://www.wikidata.org/wiki/Q4331853;node_540181757;16.7;1.0
wd_Q4336298;Орехово-Зуево;38.9756838;55.7953125;;;BIG_RING|GORKOVSKOE;;МЖД;Q1548805|Q4146162;;;;;never_mcd_in_source;control_candidate;1861-01-01;9;1861;1;0;mcd_corridor_service_uncertain;https://www.wikidata.org/wiki/Q4336298;node_2005745397;51.8;1.0
osm_node_904611288;Осаново;39.6594365;55.4739679;;;;;;;;;;;not_classified;unclassified;;0;;;0;osm_only_line_unknown;https://www.openstreetmap.org/node/904611288;node_904611288;0.0;1.0
osm_node_3599132669;"Парк ""Патриот""";36.8247338;55.5607383;;;;;;;;;;;not_classified;unclassified;;0;;;0;osm_only_line_unknown;https://www.openstreetmap.org/node/3599132669;node_3599132669;0.0;1.0
wd_Q4351667;Перово;37.7644261;55.7358077;;;KAZANSKOE|RYAZANSKOE;;МЖД;Q4207854|Q4402675;;;;;never_mcd_in_source;control_candidate;1862-01-01;9;1862;1;0;shared_osm_stop;https://www.wikidata.org/wiki/Q4351667;node_1994609746;427.3;1.0
osm_node_892874466;Пионерская;38.1571852;55.5885595;;;;;;;;;;;not_classified;unclassified;;0;;;0;osm_only_line_unknown;https://www.openstreetmap.org/node/892874466;node_892874466;0.0;1.0
wd_Q4363388;Пирогово;37.717444444;55.973305555;;;;;МЖД;;;;;;never_mcd_in_source;unclassified;1958-01-01;9;1958;1;0;line_unknown;https://www.wikidata.org/wiki/Q4363388;;;
wd_Q4366182;Победа (платформа Ярославского направления МЖД);37.746055555;55.964833333;;;;;МЖД;;;;;;never_mcd_in_source;unclassified;1964-01-01;9;1964;1;0;line_unknown;https://www.wikidata.org/wiki/Q4366182;;;
wd_Q4366343;Поварово I;37.0594021;56.0789938;;;BIG_RING|LENINGRADSKOE;;;Q114425691|Q1548805;;;;;never_mcd_in_source;control_candidate;1874-01-01;9;1874;1;0;mcd_corridor_service_uncertain;https://www.wikidata.org/wiki/Q4366343;node_321554229;56.6;1.0
osm_node_316978213;Подлипки-Дачные;37.8164449;55.9254458;;;;;;;;;;;not_classified;unclassified;;0;;;0;osm_only_line_unknown;https://www.openstreetmap.org/node/316978213;node_316978213;0.0;1.0
wd_Q4367887;Подмосковная;37.5269566;55.8145299;;;;;МЖД;;;;;;never_mcd_in_source;unclassified;1901-01-01;9;1901;1;0;line_unknown;https://www.wikidata.org/wiki/Q4367887;node_690549778;142.3;1.0
wd_Q4374985;Потылиха;37.54541968;55.7312825;;;;;МЖД;;;;;;never_mcd_in_source;unclassified;1908-01-01;9;1908;1;0;line_unknown;https://www.wikidata.org/wiki/Q4374985;;;
wd_Q4377446;Пресня;37.5171072;55.7665972;;;;;МЖД;;;;;;never_mcd_in_source;unclassified;1908-01-01;9;1908;1;0;line_unknown;https://www.wikidata.org/wiki/Q4377446;node_1405332172;104.8;1.0
osm_node_3439286332;Путевой пост 320 км;37.9530144;55.1451788;;;;;;;;;;;not_classified;unclassified;;0;;;0;osm_only_line_unknown;https://www.openstreetmap.org/node/3439286332;node_3439286332;0.0;1.0
osm_node_1915869868;Разъезд 12 км;38.7765092;54.5411512;;;;;;;;;;;not_classified;unclassified;;0;;;0;osm_only_line_unknown;https://www.openstreetmap.org/node/1915869868;node_1915869868;0.0;1.0
osm_node_3608481075;Разъезд 2 километр;37.8908294;55.6575606;;;;;;;;;;;not_classified;unclassified;;0;;;0;osm_only_line_unknown;https://www.openstreetmap.org/node/3608481075;node_3608481075;0.0;1.0
osm_node_4418228583;Ростокино;37.6569202;55.8427156;;;;;;;;;;;not_classified;unclassified;;0;;;0;osm_only_line_unknown;https://www.openstreetmap.org/node/4418228583;node_4418228583;0.0;1.0
osm_node_561285324;Рошаль;39.8901047;55.6602165;;;;;;;;;;;not_classified;unclassified;;0;;;0;osm_only_line_unknown;https://www.openstreetmap.org/node/561285324;node_561285324;0.0;1.0
wd_Q4399160;Рублёво;37.3414659;55.7747632;;;;;МЖД;;;;;;never_mcd_in_source;unclassified;1926-01-01;9;1926;1;0;line_unknown;https://www.wikidata.org/wiki/Q4399160;node_300237458;13.4;1.0
osm_node_3783533806;Сазоново;39.6631501;55.224344;;;;;;;;;;;not_classified;unclassified;;0;;;0;osm_only_line_unknown;https://www.openstreetmap.org/node/3783533806;node_3783533806;0.0;1.0
osm_node_2628536380;Северный;38.974129;55.7906514;;;;;;;;;;;not_classified;unclassified;;0;;;0;osm_only_line_unknown;https://www.openstreetmap.org/node/2628536380;node_2628536380;0.0;1.0
wd_Q4417795;Серпухов-ветка;37.3952037;54.9238999;;;;;МЖД;;;;;;never_mcd_in_source;unclassified;1897-01-01;9;1897;1;0;line_unknown;https://www.wikidata.org/wiki/Q4417795;node_913790568;217.5;1.0
wd_Q4430061;Софрино;37.9305753;56.1365062;;;Q109746679|YAROSLAVSKOE;;МЖД;Q109746679|Q4538927;;;;;never_mcd_in_source;control_candidate;1862-01-01;9;1862;1;0;multiple_corridors;https://www.wikidata.org/wiki/Q4430061;node_327377369;153.7;1.0
wd_Q4430060;Софрино II;37.918138888;56.117416666;;;;;МЖД;;;;;;never_mcd_in_source;unclassified;1952-01-01;9;1952;1;0;line_unknown;https://www.wikidata.org/wiki/Q4430060;;;
osm_node_11242005525;Софрино-2;37.9362617;56.1453545;;;;;;;;;;;not_classified;unclassified;;0;;;0;osm_only_line_unknown;https://www.openstreetmap.org/node/11242005525;node_11242005525;0.0;1.0
osm_node_9939274649;Старопролетарская;37.7506123;55.7184749;;;;;;;;;;;not_classified;unclassified;;0;;;0;osm_only_line_unknown;https://www.openstreetmap.org/node/9939274649;node_9939274649;0.0;1.0
wd_Q28667644;Старопролетарская;37.730944;55.7242373;;;;;МЖД;;;;;;never_mcd_in_source;unclassified;1933-01-01;9;1933;1;0;shared_osm_stop;https://www.wikidata.org/wiki/Q28667644;node_1062480585;343.8;0.79
wd_Q4442842;Столбовая;37.4936283;55.2485663;;;BIG_RING|KURSKOE;;МЖД;Q1548805|Q4248874;;;;;never_mcd_in_source;control_candidate;1865-01-01;9;1865;1;0;mcd_corridor_service_uncertain;https://www.wikidata.org/wiki/Q4442842;node_1109313905;8.0;1.0
osm_node_2496131234;Струя;40.1088101;55.5249244;;;;;;;;;;;not_classified;unclassified;;0;;;0;osm_only_line_unknown;https://www.openstreetmap.org/node/2496131234;node_2496131234;0.0;1.0
osm_node_1989061180;Трофимово;38.6858229;55.3666564;;;;;;;;;;;not_classified;unclassified;;0;;;0;osm_only_line_unknown;https://www.openstreetmap.org/node/1989061180;node_1989061180;0.0;1.0
wd_Q4466002;Турист;37.5118718;56.243714;;;BIG_RING|SAVELOVSKOE;;МЖД;Q1548805|Q4404352;;;;;never_mcd_in_source;control_candidate;1901-01-01;9;1901;1;0;mcd_corridor_service_uncertain;https://www.wikidata.org/wiki/Q4466002;node_7540099317;17.7;1.0
wd_Q4469153;Угрешская;37.6874448;55.7154769;;;;;МЖД;;;;;;never_mcd_in_source;unclassified;1908-01-01;9;1908;1;0;line_unknown;https://www.wikidata.org/wiki/Q4469153;node_220203803;125.9;1.0
wd_Q4469930;Узуново;38.6201014;54.5450963;;;Q109646144|Q21639406;;МЖД;Q109646144|Q21639406;;;;;never_mcd_in_source;control_candidate;1900-01-01;9;1900;1;0;multiple_corridors;https://www.wikidata.org/wiki/Q4469930;node_2000431034;108.8;1.0
wd_Q4493174;Фрязево;38.4650358;55.7323395;;;GORKOVSKOE|Q19909429;;МЖД;Q19909429|Q4146162;;;;;never_mcd_in_source;control_candidate;1879-01-01;9;1879;1;0;mcd_corridor_service_uncertain;https://www.wikidata.org/wiki/Q4493174;node_321945588;35.2;1.0
wd_Q16712734;Фрязино;38.0296174;55.9632996;;;;;МЖД;;;;;;never_mcd_in_source;unclassified;1949-01-01;9;1949;1;0;line_unknown;https://www.wikidata.org/wiki/Q16712734;node_13348658798;312.2;1.0
osm_node_2628508574;Центральный блок-пост;38.9753378;55.7643182;;;;;;;;;;;not_classified;unclassified;;0;;;0;osm_only_line_unknown;https://www.openstreetmap.org/node/2628508574;node_2628508574;0.0;1.0
osm_node_2630359453;Центральный блок-пост;38.9662231;55.7673156;;;;;;;;;;;not_classified;unclassified;;0;;;0;osm_only_line_unknown;https://www.openstreetmap.org/node/2630359453;node_2630359453;0.0;1.0
osm_node_3160952315;Чертаново;37.6320777;55.6239532;;;;;;;;;;;not_classified;unclassified;;0;;;0;osm_only_line_unknown;https://www.openstreetmap.org/node/3160952315;node_3160952315;0.0;1.0
osm_node_6576977142;Черусти-II;40.0220746;55.5448855;;;;;;;;;;;not_classified;unclassified;;0;;;0;osm_only_line_unknown;https://www.openstreetmap.org/node/6576977142;node_6576977142;0.0;1.0
wd_Q4515213;Чехов;37.4900294;55.1495261;;;KURSKOE|Q117708224;;МЖД;Q117708224|Q4248874;;;;;never_mcd_in_source;control_candidate;1865-01-01;9;1865;1;0;mcd_corridor_service_uncertain;https://www.wikidata.org/wiki/Q4515213;node_1990632031;55.0;1.0
osm_node_632688652;Шарапова Охота;37.4774137;55.0412562;;;;;;;;;;;not_classified;unclassified;;0;;;0;osm_only_line_unknown;https://www.openstreetmap.org/node/632688652;node_632688652;0.0;1.0
wd_Q4521317;Шаховская;35.5117763;56.0298825;;;Q110334466|RIZHSKOE;;МЖД;Q110334466|Q4394582;;;;;never_mcd_in_source;control_candidate;1901-01-01;9;1901;1;0;mcd_corridor_service_uncertain;https://www.wikidata.org/wiki/Q4521317;node_1232387707;25.1;1.0
osm_node_5594600030;Шереметьево 1;37.4133128;55.9811631;;;;;;;;;;;not_classified;unclassified;;0;;;0;osm_only_line_unknown;https://www.openstreetmap.org/node/5594600030;node_5594600030;0.0;1.0
osm_node_5594634993;Шереметьево 2;37.4107152;55.9632284;;;;;;;;;;;not_classified;unclassified;;0;;;0;osm_only_line_unknown;https://www.openstreetmap.org/node/5594634993;node_5594634993;0.0;1.0
osm_node_367134385;Школьная;38.142051;55.5865453;;;;;;;;;;;not_classified;unclassified;;0;;;0;osm_only_line_unknown;https://www.openstreetmap.org/node/367134385;node_367134385;0.0;1.0
wd_Q4032723;Шубино;38.3729321;56.3959304;;;BIG_RING|YAROSLAVSKOE;;МЖД;Q1548805|Q4538927;;;;;never_mcd_in_source;control_candidate;;0;;;0;opening_unknown;https://www.wikidata.org/wiki/Q4032723;node_265769138;12.0;1.0
wd_Q4534130;Южный Порт;37.7143067;55.7051063;;;;;МЖД;;;;;;never_mcd_in_source;unclassified;1908-01-01;9;1908;1;0;line_unknown;https://www.wikidata.org/wiki/Q4534130;node_3129212862;14.7;0.74
osm_node_367161315;Юность;38.1371738;55.6006963;;;;;;;;;;;not_classified;unclassified;;0;;;0;osm_only_line_unknown;https://www.openstreetmap.org/node/367161315;node_367161315;0.0;1.0
wd_Q1329088;Ярославский вокзал;37.657222222;55.776388888;;;;;МЖД;;;;;;never_mcd_in_source;unclassified;1862-01-01;9;1862;1;0;line_unknown;https://www.wikidata.org/wiki/Q1329088;;;
wd_Q4539736;Яхрома;37.5014589;56.2868456;;;BIG_RING|SAVELOVSKOE;;МЖД;Q1548805|Q4404352;;;;;never_mcd_in_source;control_candidate;1901-01-01;9;1901;1;0;mcd_corridor_service_uncertain;https://www.wikidata.org/wiki/Q4539736;node_364880119;51.3;1.0
wd_Q4028854;147 км;35.4906551;55.5207572;BELORUSSKOE;BELORUSSKOE;BELORUSSKOE;Белорусское;МЖД;Q4424999;;;;;never_mcd_in_source;control_candidate;;0;;;0;mcd_corridor_service_uncertain;https://www.wikidata.org/wiki/Q4028854;node_1233148361;96.7;1.0
wd_Q4078086;Барвиха;37.2624841;55.7374575;BELORUSSKOE;BELORUSSKOE;BELORUSSKOE;Белорусское;МЖД;Q4424999;;;;;never_mcd_in_source;control_candidate;1927-01-01;9;1927;1;0;mcd_corridor_service_uncertain;https://www.wikidata.org/wiki/Q4078086;node_11217675237;11.6;1.0
wd_Q1367269;Белорусский вокзал;37.58175653;55.77637546;BELORUSSKOE;BELORUSSKOE;BELORUSSKOE;Белорусское;МЖД;Q4424999;;D1|D4;2019-11-21;2019-11-21;line_launch;treated;1870-01-01;9;1870;1;0;multiple_mcd_lines;https://www.wikidata.org/wiki/Q1367269;;;
wd_Q4094570;Бородино;35.8609693;55.4955214;BELORUSSKOE;BELORUSSKOE;BELORUSSKOE;Белорусское;МЖД;Q4424999;;;;;never_mcd_in_source;control_candidate;1870-01-01;9;1870;1;0;mcd_corridor_service_uncertain;https://www.wikidata.org/wiki/Q4094570;node_268947118;153.4;1.0
wd_Q4155450;Дачное;37.0666175;55.6360983;BELORUSSKOE;BELORUSSKOE;BELORUSSKOE;Белорусское;МЖД;Q4424999;;;;;never_mcd_in_source;control_candidate;1951-01-01;9;1951;1;0;mcd_corridor_service_uncertain;https://www.wikidata.org/wiki/Q4155450;node_253336285;19.0;1.0
wd_Q4167032;Дорохово;36.3710488;55.5462449;BELORUSSKOE;BELORUSSKOE;BELORUSSKOE;Белорусское;МЖД;Q4424999;;;;;never_mcd_in_source;control_candidate;1874-01-01;9;1874;1;0;mcd_corridor_service_uncertain;https://www.wikidata.org/wiki/Q4167032;node_265811563;10.4;1.0
wd_Q14927504;Дровнино;35.3783096;55.5130899;BELORUSSKOE;BELORUSSKOE;BELORUSSKOE;Белорусское;МЖД;Q4424999;;;;;never_mcd_in_source;control_candidate;1874-01-01;9;1874;1;0;mcd_corridor_service_uncertain;https://www.wikidata.org/wiki/Q14927504;node_678297184;37.3;1.0
wd_Q4177761;Жаворонки;37.0974868;55.6419554;BELORUSSKOE;BELORUSSKOE;BELORUSSKOE;Белорусское;МЖД;Q4424999;;;;;never_mcd_in_source;control_candidate;1866-01-01;9;1866;1;0;mcd_corridor_service_uncertain;https://www.wikidata.org/wiki/Q4177761;node_1987915416;90.2;1.0
wd_Q4190021;Здравница;37.1515925;55.6502689;BELORUSSKOE;BELORUSSKOE;BELORUSSKOE;Белорусское;МЖД;Q4424999;;;;;never_mcd_in_source;control_candidate;1916-01-01;9;1916;1;0;mcd_corridor_service_uncertain;https://www.wikidata.org/wiki/Q4190021;node_253335932;10.7;1.0
wd_Q4199772;Ильинское;37.2411935;55.733715;BELORUSSKOE;BELORUSSKOE;BELORUSSKOE;Белорусское;МЖД;Q4424999;;;;;never_mcd_in_source;control_candidate;1927-01-01;9;1927;1;0;mcd_corridor_service_uncertain;https://www.wikidata.org/wiki/Q4199772;node_253323288;149.9;1.0
wd_Q4228619;Колочь;35.7357056;55.4995135;BELORUSSKOE;BELORUSSKOE;BELORUSSKOE;Белорусское;МЖД;Q4424999;;;;;never_mcd_in_source;control_candidate;1876-01-01;9;1876;1;0;mcd_corridor_service_uncertain;https://www.wikidata.org/wiki/Q4228619;node_677505074;109.0;1.0
wd_Q4028829;Корытово;35.5406863;55.5299378;BELORUSSKOE;BELORUSSKOE;BELORUSSKOE;Белорусское;МЖД;Q4424999;;;;;never_mcd_in_source;control_candidate;1994-01-01;9;1994;1;0;mcd_corridor_service_uncertain;https://www.wikidata.org/wiki/Q4028829;node_271788180;27.7;1.0
wd_Q4245701;Кукаринская;36.126104;55.4993707;BELORUSSKOE;BELORUSSKOE;BELORUSSKOE;Белорусское;МЖД;Q4424999;;;;;never_mcd_in_source;control_candidate;1929-01-01;9;1929;1;0;mcd_corridor_service_uncertain;https://www.wikidata.org/wiki/Q4245701;node_677508037;47.2;1.0
wd_Q4278575;Малые Вязёмы;37.029341;55.6263604;BELORUSSKOE;BELORUSSKOE;BELORUSSKOE;Белорусское;МЖД;Q4424999;;;;;never_mcd_in_source;control_candidate;1929-01-01;9;1929;1;0;mcd_corridor_service_uncertain;https://www.wikidata.org/wiki/Q4278575;node_253336397;13.9;1.0
wd_Q4299499;Можайск;36.0334786;55.4940675;BELORUSSKOE;BELORUSSKOE;BELORUSSKOE;Белорусское;МЖД;Q4424999;;;;;never_mcd_in_source;control_candidate;1870-01-01;9;1870;1;0;mcd_corridor_service_uncertain;https://www.wikidata.org/wiki/Q4299499;node_677508035;34.6;1.0
wd_Q4339985;Отрадное;37.2503157;55.6677773;BELORUSSKOE;BELORUSSKOE;BELORUSSKOE;Белорусское;МЖД;Q4424999;;;;;never_mcd_in_source;control_candidate;1959-01-01;9;1959;1;0;mcd_corridor_service_uncertain;https://www.wikidata.org/wiki/Q4339985;node_253335716;18.6;1.0
wd_Q4345852;Партизанская;36.3094031;55.537966;BELORUSSKOE;BELORUSSKOE;BELORUSSKOE;Белорусское;МЖД;Q4424999;;;;;never_mcd_in_source;control_candidate;1964-01-01;9;1964;1;0;mcd_corridor_service_uncertain;https://www.wikidata.org/wiki/Q4345852;node_3992171187;14.8;1.0
wd_Q4359381;Перхушково;37.1834251;55.6612493;BELORUSSKOE;BELORUSSKOE;BELORUSSKOE;Белорусское;МЖД;Q4424999;;;;;never_mcd_in_source;control_candidate;1886-01-01;9;1886;1;0;mcd_corridor_service_uncertain;https://www.wikidata.org/wiki/Q4359381;node_479759800;1.2;1.0
wd_Q4360160;Петелино;36.823272;55.602546;BELORUSSKOE;BELORUSSKOE;BELORUSSKOE;Белорусское;МЖД;Q4424999;;;;;never_mcd_in_source;control_candidate;1932-01-01;9;1932;1;0;mcd_corridor_service_uncertain;https://www.wikidata.org/wiki/Q4360160;node_305770731;1.7;1.0
wd_Q4363135;Пионерская;37.2119708;55.665265;BELORUSSKOE;BELORUSSKOE;BELORUSSKOE;Белорусское;МЖД;Q4424999;;;;;never_mcd_in_source;control_candidate;1909-01-01;9;1909;1;0;mcd_corridor_service_uncertain;https://www.wikidata.org/wiki/Q4363135;node_98820041;1.7;1.0
wd_Q4028334;Платовская;36.0655098;55.4942152;BELORUSSKOE;BELORUSSKOE;BELORUSSKOE;Белорусское;МЖД;Q4424999;;;;;never_mcd_in_source;control_candidate;1992-01-01;9;1992;1;0;mcd_corridor_service_uncertain;https://www.wikidata.org/wiki/Q4028334;node_2000366934;69.6;1.0
wd_Q4371089;Полушкино;36.568049;55.5852709;BELORUSSKOE;BELORUSSKOE;BELORUSSKOE;Белорусское;МЖД;Q4424999;;;;;never_mcd_in_source;control_candidate;1929-01-01;9;1929;1;0;mcd_corridor_service_uncertain;https://www.wikidata.org/wiki/Q4371089;node_321559321;4.0;1.0
wd_Q4373280;Портновская;36.7440465;55.5886966;BELORUSSKOE;BELORUSSKOE;BELORUSSKOE;Белорусское;МЖД;Q4424999;;;;;never_mcd_in_source;control_candidate;1926-01-01;9;1926;1;0;mcd_corridor_service_uncertain;https://www.wikidata.org/wiki/Q4373280;node_98820001;14.9;1.0
wd_Q4388529;Раздоры;37.2946552;55.7390117;BELORUSSKOE;BELORUSSKOE;BELORUSSKOE;Белорусское;МЖД;Q4424999;;;;;never_mcd_in_source;control_candidate;1927-01-01;9;1927;1;0;mcd_corridor_service_uncertain;https://www.wikidata.org/wiki/Q4388529;node_11217675244;7.6;1.0
wd_Q4397522;Ромашково;37.3476164;55.7341731;BELORUSSKOE;BELORUSSKOE;BELORUSSKOE;Белорусское;МЖД;Q4424999;;;;;never_mcd_in_source;control_candidate;1923-01-01;9;1923;1;0;mcd_corridor_service_uncertain;https://www.wikidata.org/wiki/Q4397522;node_1994650466;24.8;1.0
wd_Q4404644;Садовая;36.4021798;55.5536108;BELORUSSKOE;BELORUSSKOE;BELORUSSKOE;Белорусское;МЖД;Q4424999;;;;;never_mcd_in_source;control_candidate;1961-01-01;9;1961;1;0;mcd_corridor_service_uncertain;https://www.wikidata.org/wiki/Q4404644;node_1659073571;32.4;1.0
wd_Q4407422;Санаторная;36.5344688;55.5907548;BELORUSSKOE;BELORUSSKOE;BELORUSSKOE;Белорусское;МЖД;Q4424999;;;;;never_mcd_in_source;control_candidate;1964-01-01;9;1964;1;0;mcd_corridor_service_uncertain;https://www.wikidata.org/wiki/Q4407422;node_321559320;7.7;1.0
wd_Q4447523;Сушкинская;36.8738108;55.6112063;BELORUSSKOE;BELORUSSKOE;BELORUSSKOE;Белорусское;МЖД;Q4424999;;;;;never_mcd_in_source;control_candidate;1899-01-01;9;1899;1;0;mcd_corridor_service_uncertain;https://www.wikidata.org/wiki/Q4447523;node_1990632020;47.0;1.0
wd_Q4453509;Театральная;36.4484032;55.5850383;BELORUSSKOE;BELORUSSKOE;BELORUSSKOE;Белорусское;МЖД;Q4424999;;;;;never_mcd_in_source;control_candidate;1964-01-01;9;1964;1;0;mcd_corridor_service_uncertain;https://www.wikidata.org/wiki/Q4453509;node_1659073578;6.1;1.0
wd_Q4464711;Трёхгорка;37.337444444;55.696361111;BELORUSSKOE;BELORUSSKOE;BELORUSSKOE;Белорусское;МЖД;Q4424999;;;;;never_mcd_in_source;control_candidate;1951-01-01;9;1951;1;0;mcd_corridor_service_uncertain;https://www.wikidata.org/wiki/Q4464711;;;
wd_Q4466745;Тучково;36.468663;55.5973971;BELORUSSKOE;BELORUSSKOE;BELORUSSKOE;Белорусское;МЖД;Q4424999;;;;;never_mcd_in_source;control_candidate;1874-01-01;9;1874;1;0;mcd_corridor_service_uncertain;https://www.wikidata.org/wiki/Q4466745;node_321559319;47.2;1.0
wd_Q4468794;Уваровка;35.6104386;55.5320236;BELORUSSKOE;BELORUSSKOE;BELORUSSKOE;Белорусское;МЖД;Q4424999;;;;;never_mcd_in_source;control_candidate;1870-01-01;9;1870;1;0;mcd_corridor_service_uncertain;https://www.wikidata.org/wiki/Q4468794;node_677505079;82.2;1.0
wd_Q4477876;Усово;37.2130184;55.7293994;BELORUSSKOE;BELORUSSKOE;BELORUSSKOE;Белорусское;МЖД;Q4424999;;;;;never_mcd_in_source;control_candidate;1927-01-01;9;1927;1;0;mcd_corridor_service_uncertain;https://www.wikidata.org/wiki/Q4477876;node_11217630824;24.2;1.0
wd_Q4507178;Чапаевка;36.635384;55.5790624;BELORUSSKOE;BELORUSSKOE;BELORUSSKOE;Белорусское;МЖД;Q4424999;;;;;never_mcd_in_source;control_candidate;1964-01-01;9;1964;1;0;mcd_corridor_service_uncertain;https://www.wikidata.org/wiki/Q4507178;node_321559322;3.3;1.0
wd_Q4507743;Часцовская;36.7864249;55.5962422;BELORUSSKOE;BELORUSSKOE;BELORUSSKOE;Белорусское;МЖД;Q4424999;;;;;never_mcd_in_source;control_candidate;1913-01-01;9;1913;1;0;mcd_corridor_service_uncertain;https://www.wikidata.org/wiki/Q4507743;node_1990632023;79.1;1.0
wd_Q4519692;Шаликово;36.2212485;55.5117561;BELORUSSKOE;BELORUSSKOE;BELORUSSKOE;Белорусское;МЖД;Q4424999;;;;;never_mcd_in_source;control_candidate;1874-01-01;9;1874;1;0;mcd_corridor_service_uncertain;https://www.wikidata.org/wiki/Q4519692;node_559413207;101.7;1.0
wd_Q94437360;109 км;37.4997128;56.1387128;BIG_RING;BIG_RING;BIG_RING;Большое кольцо МЖД;МЖД;Q1548805;;;;;never_mcd_in_source;control_candidate;;0;;;0;opening_unknown;https://www.wikidata.org/wiki/Q94437360;node_11218365174;10.9;1.0
wd_Q94577707;116 км;37.4243252;56.1256526;BIG_RING;BIG_RING;BIG_RING;Большое кольцо МЖД;МЖД;Q1548805;;;;;never_mcd_in_source;control_candidate;;0;;;0;opening_unknown;https://www.wikidata.org/wiki/Q94577707;node_1250950202;8.1;1.0
wd_Q94997598;120 км;37.3794613;56.098395;BIG_RING;BIG_RING;BIG_RING;Большое кольцо МЖД;МЖД;Q1548805;;;;;never_mcd_in_source;control_candidate;;0;;;0;opening_unknown;https://www.wikidata.org/wiki/Q94997598;node_11218365169;1.8;1.0
wd_Q4028583;122 км;38.9656359;55.7414359;BIG_RING;BIG_RING;BIG_RING;Большое кольцо МЖД;МЖД;Q1548805;;;;;never_mcd_in_source;control_candidate;;0;;;0;opening_unknown;https://www.wikidata.org/wiki/Q4028583;node_11223558068;188.3;1.0
wd_Q95119326;128 км;37.2612108;56.0813491;BIG_RING;BIG_RING;BIG_RING;Большое кольцо МЖД;МЖД;Q1548805;;;;;never_mcd_in_source;control_candidate;;0;;;0;opening_unknown;https://www.wikidata.org/wiki/Q95119326;node_11218365167;3.9;1.0
wd_Q4028814;142 км;37.0760998;56.0591111;BIG_RING;BIG_RING;BIG_RING;Большое кольцо МЖД;МЖД;Q1548805;;;;;never_mcd_in_source;control_candidate;;0;;;0;opening_unknown;https://www.wikidata.org/wiki/Q4028814;node_271395870;17.7;1.0
wd_Q95741726;155 км;37.0109953;55.9613162;BIG_RING;BIG_RING;BIG_RING;Большое кольцо МЖД;МЖД;Q1548805;;;;;never_mcd_in_source;control_candidate;;0;;;0;opening_unknown;https://www.wikidata.org/wiki/Q95741726;node_1239263225;0.5;1.0
wd_Q95782109;159 км;36.9984531;55.9287624;BIG_RING;BIG_RING;BIG_RING;Большое кольцо МЖД;МЖД;Q1548805;;;;;never_mcd_in_source;control_candidate;;0;;;0;opening_unknown;https://www.wikidata.org/wiki/Q95782109;node_2639103519;22.1;1.0
wd_Q4029095;165 км;36.938313;55.8880065;BIG_RING;BIG_RING;BIG_RING;Большое кольцо МЖД;МЖД;Q1548805;;;;;never_mcd_in_source;control_candidate;;0;;;0;opening_unknown;https://www.wikidata.org/wiki/Q4029095;node_2290579393;67.3;1.0
wd_Q4029201;173 км;39.0034265;55.9331957;BIG_RING;BIG_RING;BIG_RING;Большое кольцо МЖД;МЖД;Q1548805;;;;;never_mcd_in_source;control_candidate;;0;;;0;opening_unknown;https://www.wikidata.org/wiki/Q4029201;node_2348045553;12.5;1.0
wd_Q4029211;174 км;36.8497976;55.8411931;BIG_RING;BIG_RING;BIG_RING;Большое кольцо МЖД;МЖД;Q1548805;;;;;never_mcd_in_source;control_candidate;;0;;;0;opening_unknown;https://www.wikidata.org/wiki/Q4029211;node_11217675347;38.5;1.0
wd_Q4029230;177 км;36.8242611;55.8141094;BIG_RING;BIG_RING;BIG_RING;Большое кольцо МЖД;МЖД;Q1548805;;;;;never_mcd_in_source;control_candidate;;0;;;0;opening_unknown;https://www.wikidata.org/wiki/Q4029230;node_1699176826;95.0;1.0
wd_Q65151163;178 км;39.0025914;55.8862895;BIG_RING;BIG_RING;BIG_RING;Большое кольцо МЖД;МЖД;Q1548805;;;;;never_mcd_in_source;control_candidate;;0;;;0;opening_unknown;https://www.wikidata.org/wiki/Q65151163;node_2348045555;3.7;1.0
wd_Q4029309;183 км;36.805454;55.7726669;BIG_RING;BIG_RING;BIG_RING;Большое кольцо МЖД;МЖД;Q1548805;;;;;never_mcd_in_source;control_candidate;;0;;;0;opening_unknown;https://www.wikidata.org/wiki/Q4029309;node_2635344952;39.1;1.0
wd_Q4029450;190 км;36.7953483;55.7207143;BIG_RING;BIG_RING;BIG_RING;Большое кольцо МЖД;МЖД;Q1548805;;;;;never_mcd_in_source;control_candidate;;0;;;0;opening_unknown;https://www.wikidata.org/wiki/Q4029450;node_270437859;834.3;1.0
wd_Q4029505;192 км;36.7859337;55.6983739;BIG_RING;BIG_RING;BIG_RING;Большое кольцо МЖД;МЖД;Q1548805;;;;;never_mcd_in_source;control_candidate;;0;;;0;opening_unknown;https://www.wikidata.org/wiki/Q4029505;node_2637312932;91.9;1.0
wd_Q4029717;199 км;36.7574023;55.6446428;BIG_RING;BIG_RING;BIG_RING;Большое кольцо МЖД;МЖД;Q1548805;;;;;never_mcd_in_source;control_candidate;;0;;;0;opening_unknown;https://www.wikidata.org/wiki/Q4029717;node_716229330;569.3;1.0
wd_Q4030134;211 км;36.6785469;55.552055;BIG_RING;BIG_RING;BIG_RING;Большое кольцо МЖД;МЖД;Q1548805;;;;;never_mcd_in_source;control_candidate;1990-01-01;9;1990;1;0;nonradial_corridor;https://www.wikidata.org/wiki/Q4030134;node_2628803677;32.3;1.0
wd_Q4030143;214 км;36.6648197;55.5369689;BIG_RING;BIG_RING;BIG_RING;Большое кольцо МЖД;МЖД;Q1548805;;;;;never_mcd_in_source;control_candidate;;0;;;0;opening_unknown;https://www.wikidata.org/wiki/Q4030143;node_2628803730;44.7;1.0
wd_Q4030184;221 км;36.7017905;55.4656704;BIG_RING;BIG_RING;BIG_RING;Большое кольцо МЖД;МЖД;Q1548805;;;;;never_mcd_in_source;control_candidate;;0;;;0;opening_unknown;https://www.wikidata.org/wiki/Q4030184;node_634990466;15.0;1.0
wd_Q19906684;240 км;36.9005619;55.3888062;BIG_RING;BIG_RING;BIG_RING;Большое кольцо МЖД;МЖД;Q1548805;;;;;never_mcd_in_source;control_candidate;;0;;;0;opening_unknown;https://www.wikidata.org/wiki/Q19906684;node_11200276254;24.6;1.0
wd_Q19906689;241 км;36.9098884;55.3791124;BIG_RING;BIG_RING;BIG_RING;Большое кольцо МЖД;МЖД;Q1548805;;;;;never_mcd_in_source;control_candidate;;0;;;0;opening_unknown;https://www.wikidata.org/wiki/Q19906689;node_842091427;4.8;1.0
wd_Q4030353;250 км;36.9782312;55.3190809;BIG_RING;BIG_RING;BIG_RING;Большое кольцо МЖД;МЖД;Q1548805;;;;;never_mcd_in_source;control_candidate;1992-01-01;9;1992;1;0;nonradial_corridor;https://www.wikidata.org/wiki/Q4030353;node_4276275002;152.3;1.0
wd_Q4030357;252 км;37.0112161;55.3061995;BIG_RING;BIG_RING;BIG_RING;Большое кольцо МЖД;МЖД;Q1548805;;;;;never_mcd_in_source;control_candidate;1992-01-01;9;1992;1;0;nonradial_corridor;https://www.wikidata.org/wiki/Q4030357;node_4276275003;26.2;1.0
wd_Q4030478;274 км;37.3273227;55.2470956;BIG_RING;BIG_RING;BIG_RING;Большое кольцо МЖД;МЖД;Q1548805;;;;;never_mcd_in_source;control_candidate;;0;;;0;opening_unknown;https://www.wikidata.org/wiki/Q4030478;node_877460650;29.4;1.0
wd_Q4030525;283 км;37.4821488;55.258147;BIG_RING;BIG_RING;BIG_RING;Большое кольцо МЖД;МЖД;Q1548805;;;;;never_mcd_in_source;control_candidate;;0;;;0;opening_unknown;https://www.wikidata.org/wiki/Q4030525;node_877460725;32.3;1.0
wd_Q100777625;298 км;37.6269817;55.1710435;BIG_RING;BIG_RING;BIG_RING;Большое кольцо МЖД;МЖД;Q1548805;;;;;never_mcd_in_source;control_candidate;;0;;;0;opening_unknown;https://www.wikidata.org/wiki/Q100777625;node_903674838;4.2;1.0
wd_Q100808115;309 км;37.7931699;55.1787373;BIG_RING;BIG_RING;BIG_RING;Большое кольцо МЖД;МЖД;Q1548805;;;;;never_mcd_in_source;control_candidate;;0;;;0;opening_unknown;https://www.wikidata.org/wiki/Q100808115;node_255596564;38.8;1.0
wd_Q100998091;312 км;37.8407443;55.1725532;BIG_RING;BIG_RING;BIG_RING;Большое кольцо МЖД;МЖД;Q1548805;;;;;never_mcd_in_source;control_candidate;;0;;;0;opening_unknown;https://www.wikidata.org/wiki/Q100998091;node_913811972;20.4;1.0
wd_Q102418200;328 км;38.0314452;55.1180304;BIG_RING;BIG_RING;BIG_RING;Большое кольцо МЖД;МЖД;Q1548805;;;;;never_mcd_in_source;control_candidate;;0;;;0;opening_unknown;https://www.wikidata.org/wiki/Q102418200;node_913831419;14.1;1.0
wd_Q102503677;332 км;38.0923062;55.116229;BIG_RING;BIG_RING;BIG_RING;Большое кольцо МЖД;МЖД;Q1548805;;;;;never_mcd_in_source;control_candidate;;0;;;0;opening_unknown;https://www.wikidata.org/wiki/Q102503677;node_913831460;100.4;1.0
wd_Q102505464;341 км;38.2122857;55.1098392;BIG_RING;BIG_RING;BIG_RING;Большое кольцо МЖД;МЖД;Q1548805;;;;;never_mcd_in_source;control_candidate;;0;;;0;opening_unknown;https://www.wikidata.org/wiki/Q102505464;node_913831423;8.5;1.0
wd_Q4031297;40 км;38.1258762;56.344049;BIG_RING;BIG_RING;BIG_RING;Большое кольцо МЖД;МЖД;Q1548805;;;;;never_mcd_in_source;control_candidate;;0;;;0;opening_unknown;https://www.wikidata.org/wiki/Q4031297;node_11085433221;14.0;1.0
wd_Q94232905;47 км;38.0341053;56.324761;BIG_RING;BIG_RING;BIG_RING;Большое кольцо МЖД;МЖД;Q1548805;;;;;never_mcd_in_source;control_candidate;;0;;;0;opening_unknown;https://www.wikidata.org/wiki/Q94232905;node_3830367593;2.9;1.0
wd_Q4032043;62 км;37.8222471;56.2935453;BIG_RING;BIG_RING;BIG_RING;Большое кольцо МЖД;МЖД;Q1548805;;;;;never_mcd_in_source;control_candidate;2016-08-10;11;2016;0;0;opened_after_baseline;https://www.wikidata.org/wiki/Q4032043;node_281752674;518.8;1.0
wd_Q94268190;68 км;37.7312335;56.313521;BIG_RING;BIG_RING;BIG_RING;Большое кольцо МЖД;МЖД;Q1548805;;;;;never_mcd_in_source;control_candidate;;0;;;0;opening_unknown;https://www.wikidata.org/wiki/Q94268190;node_281752560;69.7;1.0
wd_Q94285484;71 км;37.7015007;56.3146205;BIG_RING;BIG_RING;BIG_RING;Большое кольцо МЖД;МЖД;Q1548805;;;;;never_mcd_in_source;control_candidate;;0;;;0;opening_unknown;https://www.wikidata.org/wiki/Q94285484;node_281752550;11.3;1.0
wd_Q94295806;74 км;37.6627395;56.3101166;BIG_RING;BIG_RING;BIG_RING;Большое кольцо МЖД;МЖД;Q1548805;;;;;never_mcd_in_source;control_candidate;;0;;;0;opening_unknown;https://www.wikidata.org/wiki/Q94295806;node_11242240455;5.5;1.0
wd_Q94356645;80 км;37.5903855;56.2955727;BIG_RING;BIG_RING;BIG_RING;Большое кольцо МЖД;МЖД;Q1548805;;;;;never_mcd_in_source;control_candidate;;0;;;0;opening_unknown;https://www.wikidata.org/wiki/Q94356645;node_11242240453;20.3;1.0
wd_Q4060226;Акулово;36.6893603;55.5024393;BIG_RING;BIG_RING;BIG_RING;Большое кольцо МЖД;МЖД;Q1548805;;;;;never_mcd_in_source;control_candidate;1943-01-01;9;1943;1;0;nonradial_corridor;https://www.wikidata.org/wiki/Q4060226;node_716230879;83.3;1.0
wd_Q16271910;Беззубово;38.9433183;55.4441344;BIG_RING;BIG_RING;BIG_RING;Большое кольцо МЖД;МЖД;Q1548805;;;;;never_mcd_in_source;control_candidate;;0;;;0;opening_unknown;https://www.wikidata.org/wiki/Q16271910;node_904526692;4.2;1.0
wd_Q4081291;Бекасово-Сортировочное;36.8716977;55.4186086;BIG_RING;BIG_RING;BIG_RING;Большое кольцо МЖД;МЖД;Q1548805;;;;;never_mcd_in_source;control_candidate;;0;;;0;opening_unknown;https://www.wikidata.org/wiki/Q4081291;node_9087733286;30.7;1.0
wd_Q4081293;Бекасово-Центральное;36.8847465;55.4051056;BIG_RING;BIG_RING;BIG_RING;Большое кольцо МЖД;МЖД;Q1548805;;;;;never_mcd_in_source;control_candidate;;0;;;0;opening_unknown;https://www.wikidata.org/wiki/Q4081293;node_255594201;27.1;1.0
wd_Q14927634;Белый Раст;37.4584299;56.1258243;BIG_RING;BIG_RING;BIG_RING;Большое кольцо МЖД;МЖД;Q1548805;;;;;never_mcd_in_source;control_candidate;1943-01-01;9;1943;1;0;nonradial_corridor;https://www.wikidata.org/wiki/Q14927634;node_1834455155;8.5;1.0
wd_Q14927616;Берендино;38.8092768;55.4103747;BIG_RING;BIG_RING;BIG_RING;Большое кольцо МЖД;МЖД;Q1548805;;;;;never_mcd_in_source;control_candidate;1940-01-01;9;1940;1;0;nonradial_corridor;https://www.wikidata.org/wiki/Q14927616;node_451997524;2.4;1.0
wd_Q4097693;Бубяково;38.0729304;56.3433687;BIG_RING;BIG_RING;BIG_RING;Большое кольцо МЖД;МЖД;Q1548805;;;;;never_mcd_in_source;control_candidate;1943-01-01;9;1943;1;0;nonradial_corridor;https://www.wikidata.org/wiki/Q4097693;node_11242240466;58.1;1.0
wd_Q95050464;Бухарово;37.2970652;56.0854454;BIG_RING;BIG_RING;BIG_RING;Большое кольцо МЖД;МЖД;Q1548805;;;;;never_mcd_in_source;control_candidate;1943-01-01;9;1943;1;0;nonradial_corridor;https://www.wikidata.org/wiki/Q95050464;node_11218365168;4.4;1.0
wd_Q4130464;Вяткино;37.3795401;55.2565455;BIG_RING;BIG_RING;BIG_RING;Большое кольцо МЖД;МЖД;Q1548805;;;;;never_mcd_in_source;control_candidate;;0;;;0;opening_unknown;https://www.wikidata.org/wiki/Q4130464;node_322047058;29.5;1.0
wd_Q4153868;Давыдово;38.8799985;55.6102913;BIG_RING;BIG_RING;BIG_RING;Большое кольцо МЖД;МЖД;Q1548805;;;;;never_mcd_in_source;control_candidate;1899-01-01;9;1899;1;0;nonradial_corridor;https://www.wikidata.org/wiki/Q4153868;node_2005873624;205.9;1.0
wd_Q102527531;Депо;38.9757264;55.7737899;BIG_RING;BIG_RING;BIG_RING;Большое кольцо МЖД;МЖД;Q1548805;;;;;never_mcd_in_source;control_candidate;;0;;;0;opening_unknown;https://www.wikidata.org/wiki/Q102527531;node_11223558065;34.7;1.0
wd_Q4159388;Детково;37.5192638;55.2185115;BIG_RING;BIG_RING;BIG_RING;Большое кольцо МЖД;МЖД;Q1548805;;;;;never_mcd_in_source;control_candidate;1943-01-01;9;1943;1;0;nonradial_corridor;https://www.wikidata.org/wiki/Q4159388;node_6034565250;62.9;1.0
wd_Q94351610;Драчёво;37.6268978;56.301669;BIG_RING;BIG_RING;BIG_RING;Большое кольцо МЖД;МЖД;Q1548805;;;;;never_mcd_in_source;control_candidate;;0;;;0;opening_unknown;https://www.wikidata.org/wiki/Q94351610;node_11242240454;22.8;1.0
wd_Q4170543;Дулёво;38.9461926;55.7105838;BIG_RING;BIG_RING;BIG_RING;Большое кольцо МЖД;МЖД;Q1548805;;;;;never_mcd_in_source;control_candidate;1899-01-01;9;1899;1;0;nonradial_corridor;https://www.wikidata.org/wiki/Q4170543;node_11223558073;46.8;1.0
wd_Q4172180;Дюдьково;36.8051877;55.7393825;BIG_RING;BIG_RING;BIG_RING;Большое кольцо МЖД;МЖД;Q1548805;;;;;never_mcd_in_source;control_candidate;1951-01-01;9;1951;1;0;nonradial_corridor;https://www.wikidata.org/wiki/Q4172180;node_11217675344;125.8;1.0
wd_Q4173859;Егорьевск II;39.0089474;55.3907389;BIG_RING;BIG_RING;BIG_RING;Большое кольцо МЖД;МЖД;Q1548805;;;;;never_mcd_in_source;control_candidate;1930-01-01;9;1930;1;0;nonradial_corridor;https://www.wikidata.org/wiki/Q4173859;node_268023025;6.3;1.0
wd_Q25395040;Жилино;37.0475764;55.9945519;BIG_RING;BIG_RING;BIG_RING;Большое кольцо МЖД;МЖД;Q1548805;;;;;never_mcd_in_source;control_candidate;1955-01-01;9;1955;1;0;nonradial_corridor;https://www.wikidata.org/wiki/Q25395040;node_1720249701;34.3;1.0
wd_Q4182071;Жёлтиково;37.9425323;56.2980295;BIG_RING;BIG_RING;BIG_RING;Большое кольцо МЖД;МЖД;Q1548805;;;;;never_mcd_in_source;control_candidate;1944-01-01;9;1944;1;0;nonradial_corridor;https://www.wikidata.org/wiki/Q4182071;node_9085061671;37.1;1.0
wd_Q4196837;Иванцево;37.5483905;56.3193266;BIG_RING;BIG_RING;BIG_RING;Большое кольцо МЖД;МЖД;Q1548805;;;;;never_mcd_in_source;control_candidate;1944-01-01;9;1944;1;0;nonradial_corridor;https://www.wikidata.org/wiki/Q4196837;node_11242240452;118.6;1.0
wd_Q4199727;Ильинский Погост;38.9171198;55.4782337;BIG_RING;BIG_RING;BIG_RING;Большое кольцо МЖД;МЖД;Q1548805;;;;;never_mcd_in_source;control_candidate;1899-01-01;9;1899;1;0;nonradial_corridor;https://www.wikidata.org/wiki/Q4199727;node_2005873629;121.8;1.0
wd_Q102509759;Колычево;38.0922001;55.0277516;BIG_RING;BIG_RING;BIG_RING;Большое кольцо МЖД;МЖД;Q1548805;;;;;never_mcd_in_source;control_candidate;;0;;;0;opening_unknown;https://www.wikidata.org/wiki/Q102509759;node_307460567;3.1;1.0
wd_Q4235421;Костино;37.781703;56.292672;BIG_RING;BIG_RING;BIG_RING;Большое кольцо МЖД;МЖД;Q1548805;;;;;never_mcd_in_source;control_candidate;1944-01-01;9;1944;1;0;nonradial_corridor;https://www.wikidata.org/wiki/Q4235421;node_281752116;243.7;1.0
wd_Q4240443;Кресты;37.1053916;55.275827;BIG_RING;BIG_RING;BIG_RING;Большое кольцо МЖД;МЖД;Q1548805;;;;;never_mcd_in_source;control_candidate;1943-01-01;9;1943;1;0;nonradial_corridor;https://www.wikidata.org/wiki/Q4240443;node_935910835;193.7;1.0
wd_Q4243606;Кубинка II;36.7268899;55.6014568;BIG_RING;BIG_RING;BIG_RING;Большое кольцо МЖД;МЖД;Q1548805;;;;;never_mcd_in_source;control_candidate;1943-01-01;9;1943;1;0;nonradial_corridor;https://www.wikidata.org/wiki/Q4243606;node_11217675334;182.7;1.0
wd_Q16670989;Лесные дары;38.4344489;55.1681289;BIG_RING;BIG_RING;BIG_RING;Большое кольцо МЖД;МЖД;Q1548805;;;;;never_mcd_in_source;control_candidate;1951-01-01;9;1951;1;0;nonradial_corridor;https://www.wikidata.org/wiki/Q16670989;node_913831445;49.4;1.0
wd_Q95729908;Локомотив;37.0544263;56.0326183;BIG_RING;BIG_RING;BIG_RING;Большое кольцо МЖД;МЖД;Q1548805;;;;;never_mcd_in_source;control_candidate;;0;;;0;opening_unknown;https://www.wikidata.org/wiki/Q95729908;node_271395891;5.4;1.0
wd_Q4266656;Лопатино;38.7344453;55.354922;BIG_RING;BIG_RING;BIG_RING;Большое кольцо МЖД;МЖД;Q1548805;;;;;never_mcd_in_source;control_candidate;;0;;;0;opening_unknown;https://www.wikidata.org/wiki/Q4266656;node_1989061176;6.8;1.0
wd_Q4268925;Лукино;36.8799897;55.8564199;BIG_RING;BIG_RING;BIG_RING;Большое кольцо МЖД;МЖД;Q1548805;;;;;never_mcd_in_source;control_candidate;1943-01-01;9;1943;1;0;nonradial_corridor;https://www.wikidata.org/wiki/Q4268925;node_2635328582;91.8;1.0
wd_Q14927639;Лютик;38.3264124;55.1022055;BIG_RING;BIG_RING;BIG_RING;Большое кольцо МЖД;МЖД;Q1548805;;;;;never_mcd_in_source;control_candidate;1968-01-01;9;1968;1;0;nonradial_corridor;https://www.wikidata.org/wiki/Q14927639;node_2446093919;34.0;1.0
wd_Q18409379;Малино;38.1658883;55.122304;BIG_RING;BIG_RING;BIG_RING;Большое кольцо МЖД;МЖД;Q1548805;;;;;never_mcd_in_source;control_candidate;1973-01-01;9;1973;1;0;nonradial_corridor;https://www.wikidata.org/wiki/Q18409379;node_913831458;14.5;1.0
wd_Q4280489;Манихино II;36.9629793;55.9129351;BIG_RING;BIG_RING;BIG_RING;Большое кольцо МЖД;МЖД;Q1548805;;;;;never_mcd_in_source;control_candidate;1943-01-01;9;1943;1;0;nonradial_corridor;https://www.wikidata.org/wiki/Q4280489;node_11217675356;1.9;1.0
wd_Q4286028;Мачихино;36.9391303;55.3406979;BIG_RING;BIG_RING;BIG_RING;Большое кольцо МЖД;МЖД;Q1548805;;;;;never_mcd_in_source;control_candidate;1943-01-01;9;1943;1;0;nonradial_corridor;https://www.wikidata.org/wiki/Q4286028;node_877460620;80.2;1.0
wd_Q4310234;Мякинино;38.3789633;55.1298356;BIG_RING;BIG_RING;BIG_RING;Большое кольцо МЖД;МЖД;Q1548805;;;;;never_mcd_in_source;control_candidate;1940-01-01;9;1940;1;0;nonradial_corridor;https://www.wikidata.org/wiki/Q4310234;node_913831459;58.9;1.0
wd_Q4314245;Наугольный;38.1768197;56.3594244;BIG_RING;BIG_RING;BIG_RING;Большое кольцо МЖД;МЖД;Q1548805;;;;;never_mcd_in_source;control_candidate;1944-01-01;9;1944;1;0;nonradial_corridor;https://www.wikidata.org/wiki/Q4314245;node_11242240484;67.8;1.0
wd_Q18405747;Непецино;38.5787681;55.2125422;BIG_RING;BIG_RING;BIG_RING;Большое кольцо МЖД;МЖД;Q1548805;;;;;never_mcd_in_source;control_candidate;1940-01-01;9;1940;1;0;nonradial_corridor;https://www.wikidata.org/wiki/Q18405747;node_11210956747;5.3;1.0
wd_Q4317554;Нерская;38.8771011;55.5536177;BIG_RING;BIG_RING;BIG_RING;Большое кольцо МЖД;МЖД;Q1548805;;;;;never_mcd_in_source;control_candidate;1940-01-01;9;1940;1;0;nonradial_corridor;https://www.wikidata.org/wiki/Q4317554;node_2005873632;28.6;1.0
wd_Q4323531;Новогромово;37.2311267;55.264168;BIG_RING;BIG_RING;BIG_RING;Большое кольцо МЖД;МЖД;Q1548805;;;;;never_mcd_in_source;control_candidate;;0;;;0;opening_unknown;https://www.wikidata.org/wiki/Q4323531;node_1032453890;124.6;1.0
wd_Q102516443;Осёнка;38.5279031;55.1880628;BIG_RING;BIG_RING;BIG_RING;Большое кольцо МЖД;МЖД;Q1548805;;;;;never_mcd_in_source;control_candidate;;0;;;0;opening_unknown;https://www.wikidata.org/wiki/Q102516443;node_913831415;5.1;1.0
wd_Q100804878;Повадино;37.7449961;55.1789162;BIG_RING;BIG_RING;BIG_RING;Большое кольцо МЖД;МЖД;Q1548805;;;;;never_mcd_in_source;control_candidate;;0;;;0;opening_unknown;https://www.wikidata.org/wiki/Q100804878;node_255596563;2.9;1.0
wd_Q4366342;Поварово II;37.1133777;56.0742871;BIG_RING;BIG_RING;BIG_RING;Большое кольцо МЖД;МЖД;Q1548805;;;;;never_mcd_in_source;control_candidate;1943-01-01;9;1943;1;0;nonradial_corridor;https://www.wikidata.org/wiki/Q4366342;node_1834455159;13.7;1.0
wd_Q4366344;Поварово III;37.0565584;56.0466815;BIG_RING;BIG_RING;BIG_RING;Большое кольцо МЖД;МЖД;Q1548805;;;;;never_mcd_in_source;control_candidate;1974-01-01;9;1974;1;0;nonradial_corridor;https://www.wikidata.org/wiki/Q4366344;node_1834449976;277.7;1.0
wd_Q4368735;Пожитково;36.8030358;55.4412419;BIG_RING;BIG_RING;BIG_RING;Большое кольцо МЖД;МЖД;Q1548805;;;;;never_mcd_in_source;control_candidate;1943-01-01;9;1943;1;0;nonradial_corridor;https://www.wikidata.org/wiki/Q4368735;node_3011256784;192.2;1.0
wd_Q4374432;Посёлок Киевский;36.8656558;55.4248481;BIG_RING;BIG_RING;BIG_RING;Большое кольцо МЖД;МЖД;Q1548805;;;;;never_mcd_in_source;control_candidate;;0;;;0;opening_unknown;https://www.wikidata.org/wiki/Q4374432;node_838984124;29.3;1.0
wd_Q4374927;Поточино;39.0223772;55.8506022;BIG_RING;BIG_RING;BIG_RING;Большое кольцо МЖД;МЖД;Q1548805;;;;;never_mcd_in_source;control_candidate;1932-01-01;9;1932;1;0;nonradial_corridor;https://www.wikidata.org/wiki/Q4374927;node_403751054;27.6;1.0
wd_Q97446262;Ратмирово;38.6741746;55.2729077;BIG_RING;BIG_RING;BIG_RING;Большое кольцо МЖД;МЖД;Q1548805;;;;;never_mcd_in_source;control_candidate;;0;;;0;opening_unknown;https://www.wikidata.org/wiki/Q97446262;node_731942365;3.5;1.0
wd_Q4399528;Рудниковская;38.8889291;55.339023;BIG_RING;BIG_RING;BIG_RING;Большое кольцо МЖД;МЖД;Q1548805;;;;;never_mcd_in_source;control_candidate;;0;;;0;opening_unknown;https://www.wikidata.org/wiki/Q4399528;node_307459721;9.1;1.0
wd_Q4407498;Сандарово;37.450409;55.2571476;BIG_RING;BIG_RING;BIG_RING;Большое кольцо МЖД;МЖД;Q1548805;;;;;never_mcd_in_source;control_candidate;1943-01-01;9;1943;1;0;nonradial_corridor;https://www.wikidata.org/wiki/Q4407498;node_255595272;65.3;1.0
wd_Q102527612;Северный;38.9756124;55.7883715;BIG_RING;BIG_RING;BIG_RING;Большое кольцо МЖД;МЖД;Q1548805;;;;;never_mcd_in_source;control_candidate;;0;;;0;opening_unknown;https://www.wikidata.org/wiki/Q102527612;node_2628536379;10.3;1.0
wd_Q4429866;Сотниково;38.151125;55.0586806;BIG_RING;BIG_RING;BIG_RING;Большое кольцо МЖД;МЖД;Q1548805;;;;;never_mcd_in_source;control_candidate;1940-01-01;9;1940;1;0;nonradial_corridor;https://www.wikidata.org/wiki/Q4429866;node_1157491393;42.2;1.0
wd_Q18409871;Усады-Окружные;37.8965463;55.1547765;BIG_RING;BIG_RING;BIG_RING;Большое кольцо МЖД;МЖД;Q1548805;;;;;never_mcd_in_source;control_candidate;1970-01-01;9;1970;1;0;nonradial_corridor;https://www.wikidata.org/wiki/Q18409871;node_913811965;2.3;1.0
wd_Q4499950;Хорлово;38.811215;55.3400698;BIG_RING;BIG_RING;BIG_RING;Большое кольцо МЖД;МЖД;Q1548805;;;;;never_mcd_in_source;control_candidate;;0;;;0;opening_unknown;https://www.wikidata.org/wiki/Q4499950;node_395441438;6.7;1.0
wd_Q4513421;Чернецкое;37.2813001;55.2543141;BIG_RING;BIG_RING;BIG_RING;Большое кольцо МЖД;МЖД;Q1548805;;;;;never_mcd_in_source;control_candidate;1943-01-01;9;1943;1;0;nonradial_corridor;https://www.wikidata.org/wiki/Q4513421;node_667944965;49.5;1.0
wd_Q16720463;Шкинь;38.4808211;55.1779846;BIG_RING;BIG_RING;BIG_RING;Большое кольцо МЖД;МЖД;Q1548805;;;;;never_mcd_in_source;control_candidate;1968-01-01;9;1968;1;0;nonradial_corridor;https://www.wikidata.org/wiki/Q16720463;node_913831440;14.0;1.0
wd_Q102511089;Шматово;38.0532904;55.0044249;BIG_RING;BIG_RING;BIG_RING;Большое кольцо МЖД;МЖД;Q1548805;;;;;never_mcd_in_source;control_candidate;;0;;;0;opening_unknown;https://www.wikidata.org/wiki/Q102511089;node_307460583;0.9;1.0
wd_Q16721052;Шубатово;38.412325;55.1484257;BIG_RING;BIG_RING;BIG_RING;Большое кольцо МЖД;МЖД;Q1548805;;;;;never_mcd_in_source;control_candidate;1968-01-01;9;1968;1;0;nonradial_corridor;https://www.wikidata.org/wiki/Q16721052;node_913831455;14.9;1.0
wd_Q4536102;Яганово;38.276978;55.09236;BIG_RING;BIG_RING;BIG_RING;Большое кольцо МЖД;МЖД;Q1548805;;;;;never_mcd_in_source;control_candidate;1951-01-01;9;1951;1;0;nonradial_corridor;https://www.wikidata.org/wiki/Q4536102;node_2631368866;36.7;1.0
wd_Q4539490;Ястребки;36.7603965;55.6732731;BIG_RING;BIG_RING;BIG_RING;Большое кольцо МЖД;МЖД;Q1548805;;;;;never_mcd_in_source;control_candidate;1943-01-01;9;1943;1;0;nonradial_corridor;https://www.wikidata.org/wiki/Q4539490;node_395397610;86.4;1.0
wd_Q4076036;Баковка;37.3146501;55.6825897;D1;BELORUSSKOE;BELORUSSKOE;Белорусское;МЖД;Q4424999;D1;D1;2019-11-21;2019-11-21;line_launch;treated;1894-01-01;9;1894;1;1;candidate;https://www.wikidata.org/wiki/Q4076036;node_98820051;32.0;1.0
wd_Q4080519;Беговая;37.5403967;55.7716951;D1;BELORUSSKOE;BELORUSSKOE;Белорусское;МЖД;Q4424999;D1;D1;2019-11-21;2019-11-21;line_launch;treated;1949-01-01;9;1949;1;1;candidate;https://www.wikidata.org/wiki/Q4080519;node_1994650454;669.7;1.0
wd_Q4085651;Бескудниково;37.5677763;55.882782;D1;SAVELOVSKOE;SAVELOVSKOE;Савёловское;МЖД;Q4404352;D1;D1;2019-11-21;2019-11-21;line_launch;treated;1901-01-01;9;1901;1;1;candidate;https://www.wikidata.org/wiki/Q4085651;node_1994411890;17.3;1.0
wd_Q4113985;Водники;37.5123821;55.9526464;D1;SAVELOVSKOE;SAVELOVSKOE;Савёловское;МЖД;Q4404352;D1;D1;2019-11-21;2019-11-21;line_launch;treated;1951-01-01;9;1951;1;1;candidate;https://www.wikidata.org/wiki/Q4113985;node_1994411894;4.0;1.0
wd_Q4156659;Дегунино;37.5730917;55.8659187;D1;SAVELOVSKOE;SAVELOVSKOE;Савёловское;МЖД;Q4404352;D1;D1;2019-11-21;2019-11-21;line_launch;treated;1973-01-01;9;1973;1;1;candidate;https://www.wikidata.org/wiki/Q4156659;node_1994411898;12.7;1.0
wd_Q86676614;Дмитровская;37.5782451;55.8079363;D1;SAVELOVSKOE;SAVELOVSKOE;Савёловское;МЖД;Q4404352;D1;D1;2019-11-21;2019-11-21;line_launch_opening_unverified;treated;;0;;;0;shared_osm_stop;https://www.wikidata.org/wiki/Q86676614;node_3997380544;458.1;1.0
wd_Q4164679;Долгопрудная;37.5199873;55.9401269;D1;SAVELOVSKOE;SAVELOVSKOE;Савёловское;МЖД;Q4404352;D1;D1;2019-11-21;2019-11-21;line_launch;treated;1914-01-01;9;1914;1;1;candidate;https://www.wikidata.org/wiki/Q4164679;node_1994411903;112.6;1.0
wd_Q96624205;Илимская;37.567;55.891;D1;SAVELOVSKOE;SAVELOVSKOE;Савёловское;МЖД;Q4404352;D1;D1;2019-11-21;2019-11-21;line_launch_opening_unverified;treated;;0;;;0;opening_unknown;https://www.wikidata.org/wiki/Q96624205;;;
wd_Q4247313;Кунцево-1;37.449166666;55.726944444;D1;BELORUSSKOE;BELORUSSKOE;Белорусское;МЖД;Q4424999;D1;D1;2019-11-21;2019-11-21;line_launch;treated;1874-01-01;9;1874;1;1;candidate;https://www.wikidata.org/wiki/Q4247313;;;
wd_Q14927379;Лианозово;37.5491055;55.8988389;D1;SAVELOVSKOE;SAVELOVSKOE;Савёловское;МЖД;Q4404352;D1;D1;2019-11-21;2019-11-21;line_launch;treated;1913-01-01;9;1913;1;1;candidate;https://www.wikidata.org/wiki/Q14927379;node_1994411912;313.3;1.0
wd_Q4264776;Лобня;37.4848762;56.0135144;D1;SAVELOVSKOE;SAVELOVSKOE;Савёловское;МЖД;Q4404352;D1;D1;2019-11-21;2019-11-21;line_launch;treated;1901-01-01;9;1901;1;1;candidate;https://www.wikidata.org/wiki/Q4264776;node_143411800;20.3;1.0
wd_Q4281754;Марк;37.5382527;55.9045015;D1;SAVELOVSKOE;SAVELOVSKOE;Савёловское;МЖД;Q4404352;D1;D1;2019-11-21;2019-11-21;line_launch;treated;1901-01-01;9;1901;1;1;candidate;https://www.wikidata.org/wiki/Q4281754;node_1994411919;68.4;1.0
wd_Q4456478;Москва-Сити;37.5315112;55.7537994;D1;BELORUSSKOE;BELORUSSKOE;Белорусское;МЖД;Q4424999;D1;D1;2019-11-21;2019-11-21;line_launch;treated;1927-01-01;9;1927;1;1;candidate;https://www.wikidata.org/wiki/Q4456478;node_253213262;42.0;1.0
wd_Q4317065;Немчиновка;37.3752603;55.7159368;D1;BELORUSSKOE;BELORUSSKOE;Белорусское;МЖД;Q4424999;D1;D1;2019-11-21;2019-11-21;line_launch;treated;1876-01-01;9;1876;1;1;candidate;https://www.wikidata.org/wiki/Q4317065;node_31448085;10.3;1.0
wd_Q4323570;Новодачная;37.5279971;55.9243032;D1;SAVELOVSKOE;SAVELOVSKOE;Савёловское;МЖД;Q4404352;D1;D1;2019-11-21;2019-11-21;line_launch;treated;1964-01-01;9;1964;1;1;candidate;https://www.wikidata.org/wiki/Q4323570;node_1994411922;17.1;1.0
wd_Q4331620;Одинцово;37.2818162;55.6719892;D1;BELORUSSKOE;BELORUSSKOE;Белорусское;МЖД;Q4424999;D1;D1;2019-11-21;2019-11-21;line_launch;treated;1870-01-01;9;1870;1;1;candidate;https://www.wikidata.org/wiki/Q4331620;node_1932792698;58.8;1.0
wd_Q4332749;Окружная;37.574264;55.8475891;D1;SAVELOVSKOE;SAVELOVSKOE;Савёловское;МЖД;Q4404352;D1;D1;2019-11-21;2019-11-21;line_launch;treated;1911-01-01;9;1911;1;1;candidate;https://www.wikidata.org/wiki/Q4332749;node_1994411924;50.2;1.0
wd_Q86676599;Петровско-Разумовская;37.5787976;55.8373502;D1;SAVELOVSKOE;SAVELOVSKOE;Савёловское;МЖД;Q4404352;D1;D1;2019-11-21;2019-11-21;line_launch_opening_unverified;treated;;0;;;0;opening_unknown;https://www.wikidata.org/wiki/Q86676599;node_13408658381;26.5;1.0
wd_Q4386840;Рабочий Посёлок;37.418512;55.726968;D1;BELORUSSKOE;BELORUSSKOE;Белорусское;МЖД;Q4424999;D1;D1;2019-11-21;2019-11-21;line_launch;treated;1951-01-01;9;1951;1;1;candidate;https://www.wikidata.org/wiki/Q4386840;node_1994650464;8.9;1.0
wd_Q1850497;Савёловский вокзал;37.5907321;55.7948379;D1;SAVELOVSKOE;SAVELOVSKOE;Савёловское;МЖД;Q4404352;D1;D1;2019-11-21;2019-11-21;line_launch;treated;1902-01-01;9;1902;1;0;shared_osm_stop;https://www.wikidata.org/wiki/Q1850497;node_1990631995;183.7;0.82
wd_Q14927259;Сетунь;37.3968256;55.7235596;D1;BELORUSSKOE;BELORUSSKOE;Белорусское;МЖД;Q4424999;D1;D1;2019-11-21;2019-11-21;line_launch;treated;1932-01-01;9;1932;1;1;candidate;https://www.wikidata.org/wiki/Q14927259;node_31447925;33.7;1.0
wd_Q18400792;Сколково;37.3425389;55.7001205;D1;BELORUSSKOE;BELORUSSKOE;Белорусское;МЖД;Q4424999;D1;D1;2019-11-21;2019-11-21;line_launch;treated;2019-05-27;11;2019;0;0;opened_after_baseline;https://www.wikidata.org/wiki/Q18400792;node_6516800631;109.6;1.0
wd_Q60497004;Славянский бульвар;37.4722683;55.7303845;D1;BELORUSSKOE;BELORUSSKOE;Белорусское;МЖД;Q4424999;D1;D1;;2019-11-21;same_year_opening_ambiguous;treated;2019-01-01;9;2019;0;0;opened_after_baseline;https://www.wikidata.org/wiki/Q60497004;node_6629587605;56.3;1.0
wd_Q4457423;Тимирязевская;37.5760049;55.8192175;D1;SAVELOVSKOE;SAVELOVSKOE;Савёловское;МЖД;Q4404352;D1;D1;2019-11-21;2019-11-21;line_launch;treated;1985-01-01;9;1985;1;1;candidate;https://www.wikidata.org/wiki/Q4457423;node_2001755300;4.6;1.0
wd_Q14923876;Фили;37.514551;55.7440926;D1;BELORUSSKOE;BELORUSSKOE;Белорусское;МЖД;Q4424999;D1;D1;2019-11-21;2019-11-21;line_launch;treated;1902-01-01;9;1902;1;1;candidate;https://www.wikidata.org/wiki/Q14923876;node_1994650475;44.3;1.0
wd_Q4498059;Хлебниково;37.5045115;55.9709578;D1;SAVELOVSKOE;SAVELOVSKOE;Савёловское;МЖД;Q4404352;D1;D1;2019-11-21;2019-11-21;line_launch;treated;1901-01-01;9;1901;1;1;candidate;https://www.wikidata.org/wiki/Q4498059;node_1994411938;30.4;1.0
wd_Q4523109;Шереметьевская;37.498885;55.9837326;D1;;Q116136398|SAVELOVSKOE;;МЖД;Q116136398|Q4404352;D1;D1;2019-11-21;2019-11-21;line_launch;treated;1901-01-01;9;1901;1;1;candidate;https://www.wikidata.org/wiki/Q4523109;node_1994411941;15.8;1.0
wd_Q4066234;Аникеевка;37.2200282;55.8320515;D2;RIZHSKOE;RIZHSKOE;Рижское;МЖД;Q4394582;D2;D2;2019-11-21;2019-11-21;line_launch;treated;1964-01-01;9;1964;1;1;candidate;https://www.wikidata.org/wiki/Q4066234;node_2001755270;61.0;1.0
wd_Q4087539;Битца;37.611564;55.5712828;D2;KURSKOE;KURSKOE;Курское;МЖД;Q4248874;D2;D2;2019-11-21;2019-11-21;line_launch;treated;1908-01-01;9;1908;1;1;candidate;https://www.wikidata.org/wiki/Q4087539;node_1990631971;2.4;1.0
wd_Q4100269;Бутово;37.570569;55.5413464;D2;KURSKOE;KURSKOE;Курское;МЖД;Q4248874;D2;D2;2019-11-21;2019-11-21;line_launch;treated;1865-01-01;9;1865;1;1;candidate;https://www.wikidata.org/wiki/Q4100269;node_1990631973;26.2;1.0
wd_Q60850025;Волоколамская;37.3824599;55.8321414;D2;RIZHSKOE;RIZHSKOE;Рижское;МЖД;Q4394582;D2;D2;2019-11-23;2019-11-21;station_opening_day;treated;2019-11-23;11;2019;0;0;opened_after_baseline;https://www.wikidata.org/wiki/Q60850025;node_7001803288;105.2;1.0
wd_Q14927375;Гражданская;37.5532288;55.8055538;D2;RIZHSKOE;RIZHSKOE;Рижское;МЖД;Q4394582;D2;D2;2019-11-21;2019-11-21;line_launch;treated;1901-01-01;9;1901;1;1;candidate;https://www.wikidata.org/wiki/Q14927375;node_266429650;50.7;1.0
wd_Q4158568;Депо;37.7281785;55.6742129;D2;KURSKOE;KURSKOE;Курское;МЖД;Q4248874;D2;D2;2019-11-21;2019-11-21;line_launch;treated;1929-01-01;9;1929;1;1;candidate;https://www.wikidata.org/wiki/Q4158568;node_1990541219;6.7;1.0
wd_Q4163000;Дмитровская;37.5782451;55.8079363;D2;RIZHSKOE;RIZHSKOE;Рижское;МЖД;Q4394582;D2;D2;2019-11-21;2019-11-21;line_launch;treated;1964-01-01;9;1964;1;0;shared_osm_stop;https://www.wikidata.org/wiki/Q4163000;node_3997380544;42.5;1.0
wd_Q4209995;Калитники;37.7026604;55.7336718;D2;KURSKOE;KURSKOE;Курское;МЖД;Q4248874;D2;D2;2019-11-21;2019-11-21;line_launch;treated;1861-01-01;9;1861;1;1;candidate;https://www.wikidata.org/wiki/Q4209995;node_1987939214;44.8;1.0
wd_Q79473737;Котляково;37.640823;55.610536;D2;KURSKOE;KURSKOE;Курское;МЖД;Q4248874;D2;D2;2019-11-21;2019-11-21;line_launch_opening_unverified;treated;;0;;;0;opening_unknown;https://www.wikidata.org/wiki/Q79473737;;;
wd_Q4238468;Красногорская;37.3031942;55.8147417;D2;RIZHSKOE;RIZHSKOE;Рижское;МЖД;Q4394582;D2;D2;2019-11-21;2019-11-21;line_launch;treated;1946-01-01;9;1946;1;1;candidate;https://www.wikidata.org/wiki/Q4238468;node_1237081656;111.6;1.0
wd_Q4239401;Красный Балтиец;37.5248787;55.8154548;D2;RIZHSKOE;RIZHSKOE;Рижское;МЖД;Q4394582;D2;D2;2019-11-21;2019-11-21;line_launch;treated;1945-01-01;9;1945;1;1;candidate;https://www.wikidata.org/wiki/Q4239401;node_2000431023;60.0;1.0
wd_Q4239619;Красный Строитель;37.615322;55.5903775;D2;KURSKOE;KURSKOE;Курское;МЖД;Q4248874;D2;D2;2019-11-21;2019-11-21;line_launch;treated;1929-01-01;9;1929;1;1;candidate;https://www.wikidata.org/wiki/Q4239619;node_1994527059;23.1;1.0
wd_Q65123447;Курьяново;37.70139;55.6498349;D2;KURSKOE;KURSKOE;Курское;МЖД;Q4248874;D2;D2;2020-07-13;2019-11-21;station_opening_day;treated;2020-07-13;11;2020;0;0;opened_after_baseline;https://www.wikidata.org/wiki/Q65123447;node_6425123924;20.5;1.0
wd_Q4271690;Люблино;37.7339138;55.6849688;D2;KURSKOE;KURSKOE;Курское;МЖД;Q4248874;D2;D2;2019-11-21;2019-11-21;line_launch;treated;1870-01-01;9;1870;1;1;candidate;https://www.wikidata.org/wiki/Q4271690;node_310100031;53.7;1.0
wd_Q4303701;Москва-Товарная-Курская;37.6893076;55.745199;D2;KURSKOE;KURSKOE;Курское;МЖД;Q4248874;D2;D2;2019-11-21;2019-11-21;line_launch;treated;1861-01-01;9;1861;1;1;candidate;https://www.wikidata.org/wiki/Q4303701;node_434499692;34.4;0.79
wd_Q4303820;Москворечье;37.6900672;55.6412776;D2;KURSKOE;KURSKOE;Курское;МЖД;Q4248874;D2;D2;2019-11-21;2019-11-21;line_launch;treated;1925-01-01;9;1925;1;1;candidate;https://www.wikidata.org/wiki/Q4303820;node_136880164;62.6;1.0
wd_Q4314648;Нахабино;37.184911;55.8415879;D2;RIZHSKOE;RIZHSKOE;Рижское;МЖД;Q4394582;D2;D2;2019-11-21;2019-11-21;line_launch;treated;1901-01-01;9;1901;1;1;candidate;https://www.wikidata.org/wiki/Q4314648;node_2001755276;38.5;1.0
wd_Q48940492;Новохохловская;37.7128095;55.7250755;D2;KURSKOE;KURSKOE;Курское;МЖД;Q4248874;D2;D2;2019-11-21;2019-11-21;line_launch;treated;2018-09-06;11;2018;0;0;opened_after_baseline;https://www.wikidata.org/wiki/Q48940492;node_5890300571;46.5;1.0
wd_Q14927503;Опалиха;37.2485361;55.822766;D2;RIZHSKOE;RIZHSKOE;Рижское;МЖД;Q4394582;D2;D2;2019-11-21;2019-11-21;line_launch;treated;1901-01-01;9;1901;1;1;candidate;https://www.wikidata.org/wiki/Q14927503;node_2001755278;129.5;1.0
wd_Q55658757;Остафьево;37.5549248;55.4855891;D2;KURSKOE;KURSKOE;Курское;МЖД;Q4248874;D2;D2;2020-01-23;2019-11-21;station_opening_day;treated;2020-01-23;11;2020;0;0;opened_after_baseline;https://www.wikidata.org/wiki/Q55658757;node_6501069903;35.4;1.0
wd_Q4341967;Павшино;37.3395149;55.8148976;D2;RIZHSKOE;RIZHSKOE;Рижское;МЖД;Q4394582;D2;D2;2019-11-21;2019-11-21;line_launch;treated;1906-01-01;9;1906;1;1;candidate;https://www.wikidata.org/wiki/Q4341967;node_2001755280;83.4;1.0
wd_Q60852669;Пенягино;37.3613943;55.8233865;D2;RIZHSKOE;RIZHSKOE;Рижское;МЖД;Q4394582;D2;D2;2019-11-24;2019-11-21;station_opening_day;treated;2019-11-24;11;2019;0;0;opened_after_baseline;https://www.wikidata.org/wiki/Q60852669;node_7005693730;172.2;1.0
wd_Q4350819;Перерва;37.7162612;55.6608445;D2;KURSKOE;KURSKOE;Курское;МЖД;Q4248874;D2;D2;2019-11-21;2019-11-21;line_launch;treated;1894-01-01;9;1894;1;1;candidate;https://www.wikidata.org/wiki/Q4350819;node_310099836;7.7;1.0
wd_Q86663303;Печатники;37.7322667;55.6927576;D2;KURSKOE;KURSKOE;Курское;МЖД;Q4248874;D2;D2;2022-06-10;2019-11-21;station_opening_day;treated;2022-06-10;11;2022;0;0;opened_after_baseline;https://www.wikidata.org/wiki/Q86663303;node_9817105700;80.8;1.0
wd_Q4368039;Подольск;37.5654172;55.4317986;D2;KURSKOE;KURSKOE;Курское;МЖД;Q4248874;D2;D2;2019-11-21;2019-11-21;line_launch;treated;1865-01-01;9;1865;1;1;candidate;https://www.wikidata.org/wiki/Q4368039;node_2000351183;76.6;1.0
wd_Q4369233;Покровское;37.6319239;55.6027613;D2;KURSKOE;KURSKOE;Курское;МЖД;Q4248874;D2;D2;2019-11-21;2019-11-21;line_launch;treated;1951-01-01;9;1951;1;1;candidate;https://www.wikidata.org/wiki/Q4369233;node_1994609766;32.8;1.0
wd_Q4369390;Покровское-Стрешнево;37.476887;55.81416;D2;RIZHSKOE;RIZHSKOE;Рижское;МЖД;Q4394582;D2;D2;2019-11-21;2019-11-21;line_launch;treated;1901-01-01;9;1901;1;1;candidate;https://www.wikidata.org/wiki/Q4369390;;;
wd_Q4419179;Силикатная;37.5554476;55.4704356;D2;KURSKOE;KURSKOE;Курское;МЖД;Q4248874;D2;D2;2019-11-21;2019-11-21;line_launch;treated;1929-01-01;9;1929;1;1;candidate;https://www.wikidata.org/wiki/Q4419179;node_1990632001;20.6;1.0
wd_Q4258099;Стрешнево;37.4901015;55.8152358;D2;RIZHSKOE;RIZHSKOE;Рижское;МЖД;Q4394582;D2;D2;2019-11-21;2019-11-21;line_launch;treated;1964-01-01;9;1964;1;1;candidate;https://www.wikidata.org/wiki/Q4258099;node_2819447355;481.8;1.0
wd_Q4453883;Текстильщики;37.729528;55.7074863;D2;KURSKOE;KURSKOE;Курское;МЖД;Q4248874;D2;D2;2019-11-21;2019-11-21;line_launch;treated;1894-01-01;9;1894;1;1;candidate;https://www.wikidata.org/wiki/Q4453883;node_136876035;29.6;1.0
wd_Q4463041;Трикотажная;37.3993378;55.833085;D2;RIZHSKOE;RIZHSKOE;Рижское;МЖД;Q4394582;D2;D2;2019-11-21;2019-11-21;line_launch;treated;1932-01-01;9;1932;1;1;candidate;https://www.wikidata.org/wiki/Q4463041;node_2001755301;64.1;1.0
wd_Q4466781;Тушино;37.441666666;55.826666666;D2;RIZHSKOE;RIZHSKOE;Рижское;МЖД;Q4394582;D2;D2;2019-11-21;2019-11-21;line_launch;treated;1901-01-01;9;1901;1;1;candidate;https://www.wikidata.org/wiki/Q4466781;;;
wd_Q107356956;Тушинская;37.4410998;55.8270524;D2;RIZHSKOE;RIZHSKOE;Рижское;МЖД;Q4394582;D2;D2;2019-11-21;2019-11-21;line_launch;treated;1901-01-01;9;1901;1;1;candidate;https://www.wikidata.org/wiki/Q107356956;node_2001755305;10.0;1.0
wd_Q4503223;Царицыно;37.6688476;55.6185151;D2;KURSKOE;KURSKOE;Курское;МЖД;Q4248874;D2;D2;2019-11-21;2019-11-21;line_launch;treated;1865-01-01;9;1865;1;1;candidate;https://www.wikidata.org/wiki/Q4503223;node_1987939218;63.5;1.0
wd_Q4528947;Щербинка;37.5621844;55.5101252;D2;KURSKOE;KURSKOE;Курское;МЖД;Q4248874;D2;D2;2019-11-21;2019-11-21;line_launch;treated;1895-01-01;9;1895;1;1;candidate;https://www.wikidata.org/wiki/Q4528947;node_1990632047;36.9;1.0
wd_Q60852547;Щукинская;37.4602535;55.8111746;D2;RIZHSKOE;RIZHSKOE;Рижское;МЖД;Q4394582;D2;D2;2021-06-25;2019-11-21;station_opening_day;treated;2021-06-25;11;2021;0;0;opened_after_baseline;https://www.wikidata.org/wiki/Q60852547;node_8869724091;19.6;1.0
wd_Q4321919;Авиамоторная;37.7219166;55.7503185;D3;;KAZANSKOE|RYAZANSKOE;;МЖД;Q4207854|Q4402675;D3;D3;2023-08-17;2023-08-17;line_launch;treated;1942-01-01;9;1942;1;1;candidate;https://www.wikidata.org/wiki/Q4321919;node_1994609683;5.6;1.0
wd_Q4492588;Андроновка;37.7408127;55.7447009;D3;;KAZANSKOE|RYAZANSKOE;;МЖД;Q4207854|Q4402675;D3;D3;2023-08-17;2023-08-17;line_launch;treated;1932-01-01;9;1932;1;1;candidate;https://www.wikidata.org/wiki/Q4492588;node_1994609840;34.1;1.0
wd_Q4101007;Быково;38.0712553;55.6266127;D3;RYAZANSKOE;RYAZANSKOE;Рязанское;МЖД;Q4402675;D3;D3;2023-08-17;2023-08-17;line_launch;treated;1862-01-01;9;1862;1;1;candidate;https://www.wikidata.org/wiki/Q4101007;node_1994609589;44.5;1.0
wd_Q4110289;Вешняки;37.7982915;55.722381;D3;;KAZANSKOE|RYAZANSKOE;;МЖД;Q4207854|Q4402675;D3;D3;2023-08-17;2023-08-17;line_launch;treated;1879-01-01;9;1879;1;1;candidate;https://www.wikidata.org/wiki/Q4110289;node_1994609593;55.0;1.0
wd_Q4129879;Выхино;37.8172254;55.7161695;D3;;KAZANSKOE|RYAZANSKOE;;МЖД;Q4207854|Q4402675;D3;D3;2023-08-17;2023-08-17;line_launch;treated;1966-12-31;11;1966;1;1;candidate;https://www.wikidata.org/wiki/Q4129879;node_1994609602;35.7;1.0
wd_Q102307735;Грачёвская;37.5094458;55.8697985;D3;LENINGRADSKOE;LENINGRADSKOE;Ленинградское;ОЖД;Q114425691|Q114425725;D3;D3;2023-08-17;2023-08-17;line_launch;treated;1893-01-01;9;1893;1;1;candidate;https://www.wikidata.org/wiki/Q102307735;node_11187723410;43.1;1.0
wd_Q4031374;Есенинская;38.1834318;55.5823579;D3;RYAZANSKOE;RYAZANSKOE;Рязанское;МЖД;Q4402675;D3;D3;2023-08-17;2023-08-17;line_launch;treated;1930-01-01;9;1930;1;1;candidate;https://www.wikidata.org/wiki/Q4031374;node_1994609868;65.3;1.0
wd_Q4243182;Зеленоград-Крюково;37.173611111;55.979722222;D3;LENINGRADSKOE;LENINGRADSKOE;Ленинградское;ОЖД;Q114425691;D3;D3;2023-08-17;2023-08-17;line_launch;treated;1851-01-01;9;1851;1;1;candidate;https://www.wikidata.org/wiki/Q4243182;;;
wd_Q4199684;Ильинская;38.100266;55.6163469;D3;RYAZANSKOE;RYAZANSKOE;Рязанское;МЖД;Q4402675;D3;D3;2023-08-17;2023-08-17;line_launch_opening_unverified;treated;;0;;;0;opening_unknown;https://www.wikidata.org/wiki/Q4199684;node_1994609628;4.7;1.0
wd_Q4031518;Ипподром;38.238988;55.5604851;D3;RYAZANSKOE;RYAZANSKOE;Рязанское;МЖД;Q4402675;D3;D3;2023-08-17;2023-08-17;line_launch_opening_unverified;treated;;0;;;0;opening_unknown;https://www.wikidata.org/wiki/Q4031518;node_1994609871;3.2;1.0
wd_Q4234880;Косино;37.8474691;55.7059572;D3;;KAZANSKOE|RYAZANSKOE;;МЖД;Q4207854|Q4402675;D3;D3;2023-08-17;2023-08-17;line_launch;treated;1894-01-01;9;1894;1;1;candidate;https://www.wikidata.org/wiki/Q4234880;node_1994609642;13.9;1.0
wd_Q4237874;Красково;37.9822693;55.6498722;D3;RYAZANSKOE;RYAZANSKOE;Рязанское;МЖД;Q4402675;D3;D3;2023-08-17;2023-08-17;line_launch;treated;1902-01-01;9;1902;1;1;candidate;https://www.wikidata.org/wiki/Q4237874;node_1994609645;23.9;1.0
wd_Q4239872;Кратово;38.1602062;55.5918258;D3;RYAZANSKOE;RYAZANSKOE;Рязанское;МЖД;Q4402675;D3;D3;2023-08-17;2023-08-17;line_launch;treated;1899-01-01;9;1899;1;1;candidate;https://www.wikidata.org/wiki/Q4239872;node_1994609647;12.7;1.0
wd_Q4256719;Левобережная;37.4688799;55.887022;D3;LENINGRADSKOE;LENINGRADSKOE;Ленинградское;ОЖД;Q114425691;D3;D3;2023-08-17;2023-08-17;line_launch;treated;1938-01-01;9;1938;1;1;candidate;https://www.wikidata.org/wiki/Q4256719;node_321410218;3.8;1.0
wd_Q4310588;Лихоборы;37.5521848;55.8502936;D3;LENINGRADSKOE;LENINGRADSKOE;Ленинградское;ОЖД;Q114425725;D3;D3;2023-08-17;2023-08-17;line_launch;treated;1946-01-01;9;1946;1;1;candidate;https://www.wikidata.org/wiki/Q4310588;node_1994671356;38.2;1.0
wd_Q4271449;Люберцы I;37.896703;55.68249;D3;;KAZANSKOE|RYAZANSKOE;;МЖД;Q4207854|Q4402675;D3;D3;2023-08-17;2023-08-17;line_launch;treated;1862-01-01;9;1862;1;1;candidate;https://www.wikidata.org/wiki/Q4271449;node_1994609655;92.9;1.0
wd_Q4276607;Малаховка;38.0074342;55.6454061;D3;RYAZANSKOE;RYAZANSKOE;Рязанское;МЖД;Q4402675;D3;D3;2023-08-17;2023-08-17;line_launch;treated;1885-01-01;9;1885;1;1;candidate;https://www.wikidata.org/wiki/Q4276607;node_1994609663;61.3;1.0
wd_Q4277835;Малино;37.211694444;55.969083333;D3;LENINGRADSKOE;LENINGRADSKOE;Ленинградское;ОЖД;Q114425691;D3;D3;2023-08-17;2023-08-17;line_launch;treated;1958-01-01;9;1958;1;1;candidate;https://www.wikidata.org/wiki/Q4277835;;;
wd_Q121335113;Митьково;37.6714367;55.785603;D3;;;;;;D3;D3;2024-08-02;2023-08-17;station_opening_day;treated;2024-08-02;11;2024;0;0;opened_after_baseline;https://www.wikidata.org/wiki/Q121335113;node_12088901167;41.1;1.0
wd_Q4364415;Молжаниново;37.3813237;55.9242081;D3;LENINGRADSKOE;LENINGRADSKOE;Ленинградское;ОЖД;Q114425691;D3;D3;2023-08-17;2023-08-17;line_launch;treated;1932-01-01;9;1932;1;1;candidate;https://www.wikidata.org/wiki/Q4364415;node_2012486869;26.1;1.0
wd_Q4303741;Москва - II — Митьково;37.66775;55.786527777;D3;Q21641706;Q21641706;Митьковская соединительная ветвь;МЖД;Q21641706;D3;D3;2023-08-17;2023-08-17;line_launch;treated;1908-01-01;9;1908;1;0;nonradial_corridor;https://www.wikidata.org/wiki/Q4303741;;;
wd_Q18405077;Москва-Товарная;37.6262201;55.8024495;D3;LENINGRADSKOE;LENINGRADSKOE;Ленинградское;ОЖД;Q114425725;D3;D3;2023-08-17;2023-08-17;line_launch;treated;1958-01-01;9;1958;1;1;candidate;https://www.wikidata.org/wiki/Q18405077;node_2699008011;148.6;1.0
wd_Q4304484;Моссельмаш;37.5283556;55.8617302;D3;LENINGRADSKOE;LENINGRADSKOE;Ленинградское;ОЖД;Q114425725;D3;D3;2023-08-17;2023-08-17;line_launch;treated;1945-01-01;9;1945;1;1;candidate;https://www.wikidata.org/wiki/Q4304484;node_1994671353;134.7;1.0
wd_Q4324969;Новоподрезково;37.3510758;55.9370106;D3;LENINGRADSKOE;LENINGRADSKOE;Ленинградское;ОЖД;Q114425691;D3;D3;2023-08-17;2023-08-17;line_launch;treated;1958-01-01;9;1958;1;1;candidate;https://www.wikidata.org/wiki/Q4324969;node_2012486868;64.4;1.0
wd_Q55659745;Новые Химки;37.3997;55.9163;D3;LENINGRADSKOE;LENINGRADSKOE;Ленинградское;ОЖД;Q114425691;D3;D3;2023-08-17;2023-08-17;line_launch_opening_unverified;treated;;0;;;0;opening_unknown;https://www.wikidata.org/wiki/Q55659745;;;
wd_Q4338487;Останкино;37.6032169;55.8175016;D3;LENINGRADSKOE;LENINGRADSKOE;Ленинградское;ОЖД;Q114425725;D3;D3;2023-08-17;2023-08-17;line_launch;treated;1916-01-01;9;1916;1;1;candidate;https://www.wikidata.org/wiki/Q4338487;node_1994671361;39.7;1.0
wd_Q4339490;Отдых;38.1369928;55.6013753;D3;RYAZANSKOE;RYAZANSKOE;Рязанское;МЖД;Q4402675;D3;D3;2023-08-17;2023-08-17;line_launch;treated;1932-01-01;9;1932;1;1;candidate;https://www.wikidata.org/wiki/Q4339490;node_1994609717;2.0;1.0
wd_Q4344076;Панки;37.9231147;55.6687009;D3;;Q123238370|RYAZANSKOE;;МЖД;Q123238370|Q4402675;D3;D3;2023-08-17;2023-08-17;line_launch;treated;1929-01-01;9;1929;1;1;candidate;https://www.wikidata.org/wiki/Q4344076;node_1994609723;44.0;1.0
wd_Q105757072;Перово;37.7644261;55.7358077;D3;;KAZANSKOE|RYAZANSKOE;;МЖД;Q4207854|Q4402675;D3;D3;2023-08-17;2023-08-17;line_launch;treated;1862-01-01;9;1862;1;0;shared_osm_stop;https://www.wikidata.org/wiki/Q105757072;node_1994609746;45.7;1.0
wd_Q4361292;Петровско-Разумовская;37.5687175;55.8396207;D3;LENINGRADSKOE;LENINGRADSKOE;Ленинградское;ОЖД;Q114425725;D3;D3;2023-08-17;2023-08-17;line_launch;treated;1874-01-01;9;1874;1;1;candidate;https://www.wikidata.org/wiki/Q4361292;node_1994671368;110.0;1.0
wd_Q4365974;Плющево;37.7741613;55.7308523;D3;;KAZANSKOE|RYAZANSKOE;;МЖД;Q4207854|Q4402675;D3;D3;2023-08-17;2023-08-17;line_launch;treated;1894-01-01;9;1894;1;1;candidate;https://www.wikidata.org/wiki/Q4365974;node_1789031210;26.2;1.0
wd_Q4368228;Подрезково;37.330249;55.9426816;D3;LENINGRADSKOE;LENINGRADSKOE;Ленинградское;ОЖД;Q114425691;D3;D3;2023-08-17;2023-08-17;line_launch;treated;1916-01-01;9;1916;1;1;candidate;https://www.wikidata.org/wiki/Q4368228;node_2012486870;310.5;1.0
wd_Q4389683;Раменское;38.2262173;55.5651537;D3;RYAZANSKOE;RYAZANSKOE;Рязанское;МЖД;Q4402675;D3;D3;2023-08-17;2023-08-17;line_launch;treated;1862-01-01;9;1862;1;1;candidate;https://www.wikidata.org/wiki/Q4389683;node_1994609794;0.0;1.0
wd_Q4394509;Рижская;37.6406432;55.7925798;D3;LENINGRADSKOE;LENINGRADSKOE;Ленинградское;ОЖД;Q114425725;D3;D3;2023-08-17;2023-08-17;line_launch;treated;1958-01-01;9;1958;1;0;shared_osm_stop;https://www.wikidata.org/wiki/Q4394509;node_316697751;504.0;1.0
wd_Q4429380;Сортировочная;37.7207756;55.7635658;D3;;KAZANSKOE|RYAZANSKOE;;МЖД;Q4207854|Q4402675;D3;D3;2023-08-17;2023-08-17;line_launch;treated;1909-01-01;9;1909;1;1;candidate;https://www.wikidata.org/wiki/Q4429380;node_2000431032;6.2;1.0
wd_Q4447719;Сходня;37.2990008;55.9496529;D3;LENINGRADSKOE;LENINGRADSKOE;Ленинградское;ОЖД;Q114425691;D3;D3;2023-08-17;2023-08-17;line_launch;treated;1874-01-01;9;1874;1;1;candidate;https://www.wikidata.org/wiki/Q4447719;node_26999985;25.5;1.0
wd_Q4460265;Томилино;37.9550406;55.6550749;D3;RYAZANSKOE;RYAZANSKOE;Рязанское;МЖД;Q4402675;D3;D3;2023-08-17;2023-08-17;line_launch;treated;1898-01-01;9;1898;1;1;candidate;https://www.wikidata.org/wiki/Q4460265;node_1994609821;21.7;1.0
wd_Q4469360;Удельная;38.0442366;55.6345648;D3;RYAZANSKOE;RYAZANSKOE;Рязанское;МЖД;Q4402675;D3;D3;2023-08-17;2023-08-17;line_launch;treated;1893-01-01;9;1893;1;1;candidate;https://www.wikidata.org/wiki/Q4469360;node_141135145;26.2;1.0
wd_Q4479231;Ухтомская;37.8645031;55.6986272;D3;;KAZANSKOE|RYAZANSKOE;;МЖД;Q4207854|Q4402675;D3;D3;2023-08-17;2023-08-17;line_launch;treated;1898-01-01;9;1898;1;1;candidate;https://www.wikidata.org/wiki/Q4479231;node_1994609829;21.2;1.0
wd_Q4480345;Фабричная;38.2065967;55.5728488;D3;RYAZANSKOE;RYAZANSKOE;Рязанское;МЖД;Q4402675;D3;D3;2023-08-17;2023-08-17;line_launch;treated;1936-01-01;9;1936;1;1;candidate;https://www.wikidata.org/wiki/Q4480345;node_1994609835;9.1;1.0
wd_Q4484997;Фирсановская;37.2496983;55.9606235;D3;LENINGRADSKOE;LENINGRADSKOE;Ленинградское;ОЖД;Q114425691;D3;D3;2023-08-17;2023-08-17;line_launch;treated;1893-01-01;9;1893;1;1;candidate;https://www.wikidata.org/wiki/Q4484997;node_1988289122;96.2;1.0
wd_Q4497750;Химки;37.4536637;55.8936153;D3;LENINGRADSKOE;LENINGRADSKOE;Ленинградское;ОЖД;Q114425691;D3;D3;2023-08-17;2023-08-17;line_launch;treated;1851-01-01;9;1851;1;1;candidate;https://www.wikidata.org/wiki/Q4497750;node_1994637881;211.2;1.0
wd_Q28374404;Ховрино;37.487406;55.8791703;D3;LENINGRADSKOE;LENINGRADSKOE;Ленинградское;ОЖД;Q114425691;D3;D3;2023-08-17;2023-08-17;line_launch;treated;2020-11-23;11;2020;0;0;opened_after_baseline;https://www.wikidata.org/wiki/Q28374404;node_8154958413;140.6;1.0
wd_Q4530865;Электрозаводская;37.7053772;55.7811057;D3;;KAZANSKOE|RYAZANSKOE;;МЖД;Q4207854|Q4402675;D3;D3;2023-08-17;2023-08-17;line_launch;treated;1949-01-01;9;1949;1;1;candidate;https://www.wikidata.org/wiki/Q4530865;node_2000431037;6.3;1.0
wd_Q48956629;Аминьевская;37.4696956;55.698016;D4;KIEVSKOE;KIEVSKOE;Киевское;МЖД;Q4220266;D4;D4;2023-09-09;2023-09-09;line_launch;treated;2021-12-07;11;2021;0;0;opened_after_baseline;https://www.wikidata.org/wiki/Q48956629;node_8992937999;188.1;1.0
wd_Q4068213;Апрелевка;37.0668777;55.5500875;D4;KIEVSKOE;KIEVSKOE;Киевское;МЖД;Q4220266;D4;D4;2023-09-09;2023-09-09;line_launch;treated;1899-01-01;9;1899;1;1;candidate;https://www.wikidata.org/wiki/Q4068213;node_1991411798;38.5;1.0
wd_Q4113778;Внуково;37.2695269;55.648962;D4;KIEVSKOE;KIEVSKOE;Киевское;МЖД;Q4220266;D4;D4;2023-09-09;2023-09-09;line_launch;treated;1899-01-01;9;1899;1;1;candidate;https://www.wikidata.org/wiki/Q4113778;node_277544808;14.7;1.0
wd_Q65123455;Ермакова Роща;37.53528;55.76556;D4;;;;;;D4;D4;2023-09-09;2023-09-09;line_launch_opening_unverified;treated;;0;;;0;opening_unknown;https://www.wikidata.org/wiki/Q65123455;;;
wd_Q4178806;Железнодорожная;38.0082811;55.7524929;D4;GORKOVSKOE;GORKOVSKOE;Горьковское;МЖД;Q4146162;D4;D4;2023-09-09;2023-09-09;line_launch;treated;1861-01-01;9;1861;1;1;candidate;https://www.wikidata.org/wiki/Q4178806;node_248916189;38.2;1.0
wd_Q4227414;Кокошкино;37.1711886;55.5997295;D4;KIEVSKOE;KIEVSKOE;Киевское;МЖД;Q4220266;D4;D4;2023-09-09;2023-09-09;line_launch;treated;1899-01-01;9;1899;1;1;candidate;https://www.wikidata.org/wiki/Q4227414;node_1991442436;12.6;1.0
wd_Q4243269;Крёкшино;37.1097363;55.5778111;D4;KIEVSKOE;KIEVSKOE;Киевское;МЖД;Q4220266;D4;D4;2023-09-09;2023-09-09;line_launch;treated;1899-01-01;9;1899;1;1;candidate;https://www.wikidata.org/wiki/Q4243269;node_1991442439;8.3;1.0
wd_Q4249243;Кусково;37.7953827;55.7397339;D4;GORKOVSKOE;GORKOVSKOE;Горьковское;МЖД;Q4146162;D4;D4;2023-09-09;2023-09-09;line_launch;treated;1861-01-01;9;1861;1;1;candidate;https://www.wikidata.org/wiki/Q4249243;node_1994682649;6.7;1.0
wd_Q65128605;Кутузовская;37.533117;55.7416684;D4;;;;;;D4;D4;2023-09-09;2023-09-09;line_launch;treated;2023-09-09;11;2023;0;0;opened_after_baseline;https://www.wikidata.org/wiki/Q65128605;node_11179152559;37.6;1.0
wd_Q4250022;Кучино;37.9547503;55.7521154;D4;GORKOVSKOE;GORKOVSKOE;Горьковское;МЖД;Q4146162;D4;D4;2023-09-09;2023-09-09;line_launch;treated;1898-01-01;9;1898;1;1;candidate;https://www.wikidata.org/wiki/Q4250022;node_1987901070;12.0;1.0
wd_Q4259702;Лесной Городок;37.2184084;55.6322536;D4;KIEVSKOE;KIEVSKOE;Киевское;МЖД;Q4220266;D4;D4;2023-09-09;2023-09-09;line_launch;treated;1899-01-01;9;1899;1;1;candidate;https://www.wikidata.org/wiki/Q4259702;node_8204066296;225.0;1.0
wd_Q4284616;Матвеевское;37.4815283;55.7045582;D4;KIEVSKOE;KIEVSKOE;Киевское;МЖД;Q4220266;D4;D4;2023-09-09;2023-09-09;line_launch;treated;1946-01-01;9;1946;1;1;candidate;https://www.wikidata.org/wiki/Q4284616;node_87702782;47.0;0.82
wd_Q4422081;Мещерская;37.4246099;55.666803;D4;KIEVSKOE;KIEVSKOE;Киевское;МЖД;Q4220266;D4;D4;2023-09-09;2023-09-09;line_launch;treated;1899-01-01;9;1899;1;1;candidate;https://www.wikidata.org/wiki/Q4422081;node_316850875;18.4;1.0
wd_Q48944966;Минская;37.5016397;55.7239584;D4;KIEVSKOE;KIEVSKOE;Киевское;МЖД;Q4220266;D4;D4;2023-09-09;2023-09-09;line_launch;treated;2022-04-04;11;2022;0;0;opened_after_baseline;https://www.wikidata.org/wiki/Q48944966;node_9635578849;133.2;1.0
wd_Q4298303;Мичуринец;37.3155468;55.6461888;D4;KIEVSKOE;KIEVSKOE;Киевское;МЖД;Q4220266;D4;D4;2023-09-09;2023-09-09;line_launch;treated;1949-01-01;9;1949;1;1;candidate;https://www.wikidata.org/wiki/Q4298303;node_6595236431;32.8;1.0
wd_Q65172707;Москва-Сити;37.5303081;55.7504733;D4;;;;;;D4;D4;2023-09-09;2023-09-09;line_launch;treated;2023-09-09;11;2023;0;0;opened_after_baseline;https://www.wikidata.org/wiki/Q65172707;node_11181858388;47.8;1.0
wd_Q4303699;Москва-Станколит;37.598888888;55.799444444;D4;;;;МЖД;;D4;D4;2023-09-09;2023-09-09;line_launch;treated;1964-01-01;9;1964;1;1;candidate;https://www.wikidata.org/wiki/Q4303699;;;
wd_Q4214460;Нижегородская;37.7298182;55.733367;D4;GORKOVSKOE;GORKOVSKOE;Горьковское;МЖД;Q4146162;D4;D4;2023-09-09;2023-09-09;line_launch;treated;1932-01-01;9;1932;1;1;candidate;https://www.wikidata.org/wiki/Q4214460;node_5988989651;543.4;1.0
wd_Q4321041;Никольское;37.8971521;55.7595549;D4;GORKOVSKOE;GORKOVSKOE;Горьковское;МЖД;Q4146162;D4;D4;2023-09-09;2023-09-09;line_launch;treated;1908-01-01;9;1908;1;1;candidate;https://www.wikidata.org/wiki/Q4321041;node_2261680950;47.9;1.0
wd_Q4323422;Новогиреево;37.8183129;55.7443541;D4;GORKOVSKOE;GORKOVSKOE;Горьковское;МЖД;Q4146162;D4;D4;2023-09-09;2023-09-09;line_launch;treated;1908-01-01;9;1908;1;1;candidate;https://www.wikidata.org/wiki/Q4323422;node_8047546763;10.1;1.0
wd_Q15304624;Новопеределкино;37.3828417;55.6382763;D4;KIEVSKOE;KIEVSKOE;Киевское;МЖД;Q4220266;D4;D4;2023-09-09;2023-09-09;line_launch;treated;2013-08-01;11;2013;1;1;candidate;https://www.wikidata.org/wiki/Q15304624;node_2334801351;163.5;1.0
wd_Q110319410;Ольгино;37.9787468;55.7517377;D4;GORKOVSKOE;GORKOVSKOE;Горьковское;МЖД;Q4146162;D4;D4;2023-09-09;2023-09-09;line_launch;treated;2022-06-15;11;2022;0;0;opened_after_baseline;https://www.wikidata.org/wiki/Q110319410;node_9819156477;3.0;1.0
wd_Q4340633;Очаково;37.4514951;55.6836351;D4;KIEVSKOE;KIEVSKOE;Киевское;МЖД;Q4220266;D4;D4;2023-09-09;2023-09-09;line_launch;treated;1899-01-01;9;1899;1;1;candidate;https://www.wikidata.org/wiki/Q4340633;node_6453276366;17.8;0.88
wd_Q4350225;Переделкино;37.3556346;55.6562878;D4;KIEVSKOE;KIEVSKOE;Киевское;МЖД;Q4220266;D4;D4;2023-09-09;2023-09-09;line_launch;treated;1899-01-01;9;1899;1;1;candidate;https://www.wikidata.org/wiki/Q4350225;node_7628601425;111.6;1.0
wd_Q4366183;Победа;37.0927458;55.5660688;D4;KIEVSKOE;KIEVSKOE;Киевское;МЖД;Q4220266;D4;D4;2023-09-09;2023-09-09;line_launch;treated;1951-01-01;9;1951;1;1;candidate;https://www.wikidata.org/wiki/Q4366183;node_1991411801;14.4;1.0
wd_Q65129583;Поклонная;37.5207706;55.7321196;D4;KIEVSKOE;KIEVSKOE;Киевское;МЖД;Q4220266;D4;D4;2023-09-09;2023-09-09;line_launch;treated;2021-01-01;9;2021;0;0;opened_after_baseline;https://www.wikidata.org/wiki/Q65129583;node_11179152562;710.5;1.0
wd_Q4393767;Реутово;37.8556312;55.7515634;D4;;GORKOVSKOE|Q123080970|Q63928373;;МЖД;Q123080970|Q4146162|Q63928373;D4;D4;2023-09-09;2023-09-09;line_launch;treated;1897-01-01;9;1897;1;1;candidate;https://www.wikidata.org/wiki/Q4393767;node_2261673394;277.1;0.92
wd_Q4404346;Савёловская;37.5907321;55.7948379;D4;Q63928373;Q63928373;Линия МЦД-4;МЖД;Q63928373;D4;D4;2023-09-09;2023-09-09;line_launch;treated;1964-01-01;9;1964;1;0;shared_osm_stop;https://www.wikidata.org/wiki/Q4404346;node_1990631995;52.2;1.0
wd_Q4406072;Салтыковская;37.923137;55.7575888;D4;GORKOVSKOE;GORKOVSKOE;Горьковское;МЖД;Q4146162;D4;D4;2023-09-09;2023-09-09;line_launch;treated;1894-01-01;9;1894;1;1;candidate;https://www.wikidata.org/wiki/Q4406072;node_250536465;5.6;1.0
wd_Q65129702;Санино;37.1381673;55.583979;D4;KIEVSKOE;KIEVSKOE;Киевское;МЖД;Q4220266;D4;D4;2023-09-09;2023-09-09;line_launch;treated;2020-03-11;11;2020;0;0;opened_after_baseline;https://www.wikidata.org/wiki/Q65129702;node_6564392308;6.0;1.0
wd_Q4417767;Серп и Молот;37.682194444;55.748222222;D4;GORKOVSKOE;GORKOVSKOE;Горьковское;МЖД;Q4146162;D4;D4;2023-09-09;2023-09-09;line_launch;treated;1936-01-01;9;1936;1;1;candidate;https://www.wikidata.org/wiki/Q4417767;;;
wd_Q4427760;Солнечная;37.384817;55.6572454;D4;KIEVSKOE;KIEVSKOE;Киевское;МЖД;Q4220266;D4;D4;2023-09-09;2023-09-09;line_launch;treated;1899-01-01;9;1899;1;1;candidate;https://www.wikidata.org/wiki/Q4427760;node_6452308572;82.9;1.0
wd_Q4459988;Толстопальцево;37.1858211;55.6076093;D4;KIEVSKOE;KIEVSKOE;Киевское;МЖД;Q4220266;D4;D4;2023-09-09;2023-09-09;line_launch;treated;1899-01-01;9;1899;1;1;candidate;https://www.wikidata.org/wiki/Q4459988;node_420464927;43.9;1.0
wd_Q4518347;Чухлинка;37.7644368;55.7336173;D4;GORKOVSKOE;GORKOVSKOE;Горьковское;МЖД;Q4146162;D4;D4;2023-09-09;2023-09-09;line_launch;treated;1897-01-01;9;1897;1;1;candidate;https://www.wikidata.org/wiki/Q4518347;node_6605207003;76.5;1.0
wd_Q4028875;14 км;38.787597222;55.882527777;GORKOVSKOE;GORKOVSKOE;GORKOVSKOE;Горьковское;МЖД;Q4146162;;;;;never_mcd_in_source;control_candidate;1925-01-01;9;1925;1;0;mcd_corridor_service_uncertain;https://www.wikidata.org/wiki/Q4028875;;;
wd_Q4032622;87 км;38.956492;55.7738224;GORKOVSKOE;GORKOVSKOE;GORKOVSKOE;Горьковское;МЖД;Q4146162;;;;;never_mcd_in_source;control_candidate;;0;;;0;mcd_corridor_service_uncertain;https://www.wikidata.org/wiki/Q4032622;node_403758029;130.3;1.0
wd_Q4030939;Вишняково;38.1528697;55.7443178;GORKOVSKOE;GORKOVSKOE;GORKOVSKOE;Горьковское;МЖД;Q4146162;;;;;never_mcd_in_source;control_candidate;;0;;;0;mcd_corridor_service_uncertain;https://www.wikidata.org/wiki/Q4030939;node_325092139;28.7;1.0
wd_Q4122427;Воиново;39.0640754;55.8429214;GORKOVSKOE;GORKOVSKOE;GORKOVSKOE;Горьковское;МЖД;Q4146162;;;;;never_mcd_in_source;control_candidate;1929-01-01;9;1929;1;0;mcd_corridor_service_uncertain;https://www.wikidata.org/wiki/Q4122427;node_431506792;39.3;0.86
wd_Q4126857;Вохна;38.6305422;55.769548;GORKOVSKOE;GORKOVSKOE;GORKOVSKOE;Горьковское;МЖД;Q4146162;;;;;never_mcd_in_source;control_candidate;;0;;;0;mcd_corridor_service_uncertain;https://www.wikidata.org/wiki/Q4126857;node_431547232;26.8;1.0
wd_Q4168022;Дрезна;38.8536601;55.7480329;GORKOVSKOE;GORKOVSKOE;GORKOVSKOE;Горьковское;МЖД;Q4146162;;;;;never_mcd_in_source;control_candidate;1861-01-01;9;1861;1;0;mcd_corridor_service_uncertain;https://www.wikidata.org/wiki/Q4168022;node_900759993;37.6;1.0
wd_Q4177132;Есино;38.3785073;55.7202615;GORKOVSKOE;GORKOVSKOE;GORKOVSKOE;Горьковское;МЖД;Q4146162;;;;;never_mcd_in_source;control_candidate;1965-01-01;9;1965;1;0;mcd_corridor_service_uncertain;https://www.wikidata.org/wiki/Q4177132;node_1994609623;21.1;1.0
wd_Q4187776;Заря;38.086317;55.75363;GORKOVSKOE;GORKOVSKOE;GORKOVSKOE;Горьковское;МЖД;Q4146162;;;;;never_mcd_in_source;control_candidate;1995-04-01;11;1995;1;0;mcd_corridor_service_uncertain;https://www.wikidata.org/wiki/Q4187776;node_333556222;63.0;1.0
wd_Q4188752;Захарово;38.4676974;55.8723731;GORKOVSKOE;GORKOVSKOE;GORKOVSKOE;Горьковское;МЖД;Q4146162;;;;;never_mcd_in_source;control_candidate;1885-01-01;9;1885;1;0;mcd_corridor_service_uncertain;https://www.wikidata.org/wiki/Q4188752;node_523806448;8.1;1.0
wd_Q4206579;Кабаново;38.9313959;55.7612906;GORKOVSKOE;GORKOVSKOE;GORKOVSKOE;Горьковское;МЖД;Q4146162;;;;;never_mcd_in_source;control_candidate;;0;;;0;mcd_corridor_service_uncertain;https://www.wikidata.org/wiki/Q4206579;node_403758030;17.1;1.0
wd_Q4207841;Казанское;38.5732656;55.7566651;GORKOVSKOE;GORKOVSKOE;GORKOVSKOE;Горьковское;МЖД;Q4146162;;;;;never_mcd_in_source;control_candidate;;0;;;0;mcd_corridor_service_uncertain;https://www.wikidata.org/wiki/Q4207841;node_3990245501;18.4;1.0
wd_Q4225829;Ковригино;38.7193315;55.7935198;GORKOVSKOE;GORKOVSKOE;GORKOVSKOE;Горьковское;МЖД;Q4146162;;;;;never_mcd_in_source;control_candidate;1925-01-01;9;1925;1;0;mcd_corridor_service_uncertain;https://www.wikidata.org/wiki/Q4225829;node_437991238;3.0;1.0
wd_Q4242486;Крутое;39.0051657;55.8112454;GORKOVSKOE;GORKOVSKOE;GORKOVSKOE;Горьковское;МЖД;Q4146162;;;;;never_mcd_in_source;control_candidate;1932-01-01;9;1932;1;0;mcd_corridor_service_uncertain;https://www.wikidata.org/wiki/Q4242486;node_2005745394;52.0;1.0
wd_Q4247376;Купавна;38.1210763;55.7531599;GORKOVSKOE;GORKOVSKOE;GORKOVSKOE;Горьковское;МЖД;Q4146162;;;;;never_mcd_in_source;control_candidate;1898-01-01;9;1898;1;0;mcd_corridor_service_uncertain;https://www.wikidata.org/wiki/Q4247376;node_1668628211;102.8;1.0
wd_Q18400930;Ленская;38.7002826;55.7743903;GORKOVSKOE;GORKOVSKOE;GORKOVSKOE;Горьковское;МЖД;Q4146162;;;;;never_mcd_in_source;control_candidate;1968-01-01;9;1968;1;0;mcd_corridor_service_uncertain;https://www.wikidata.org/wiki/Q18400930;node_437991229;33.6;1.0
wd_Q4286170;Машиностроитель;38.4547593;55.8007194;GORKOVSKOE;GORKOVSKOE;GORKOVSKOE;Горьковское;МЖД;Q4146162;;;;;never_mcd_in_source;control_candidate;1929-01-01;9;1929;1;0;mcd_corridor_service_uncertain;https://www.wikidata.org/wiki/Q4286170;node_900747545;31.3;1.0
wd_Q4291571;Металлург;38.4685007;55.7694097;GORKOVSKOE;GORKOVSKOE;GORKOVSKOE;Горьковское;МЖД;Q4146162;;;;;never_mcd_in_source;control_candidate;1964-01-01;9;1964;1;0;mcd_corridor_service_uncertain;https://www.wikidata.org/wiki/Q4291571;node_1994609668;13.3;1.0
wd_Q4312247;Назарьево;38.7777677;55.7557824;GORKOVSKOE;GORKOVSKOE;GORKOVSKOE;Горьковское;МЖД;Q4146162;;;;;never_mcd_in_source;control_candidate;1932-01-01;9;1932;1;0;mcd_corridor_service_uncertain;https://www.wikidata.org/wiki/Q4312247;node_3990265699;19.0;1.0
wd_Q4326981;Ногинск;38.4435721;55.8507515;GORKOVSKOE;GORKOVSKOE;GORKOVSKOE;Горьковское;МЖД;Q4146162;;;;;never_mcd_in_source;control_candidate;1885-01-01;9;1885;1;0;mcd_corridor_service_uncertain;https://www.wikidata.org/wiki/Q4326981;node_11223481854;16.7;1.0
wd_Q4341791;Павловский Посад;38.6739567;55.7757853;GORKOVSKOE;GORKOVSKOE;GORKOVSKOE;Горьковское;МЖД;Q4146162;;;;;never_mcd_in_source;control_candidate;1861-01-01;9;1861;1;0;mcd_corridor_service_uncertain;https://www.wikidata.org/wiki/Q4341791;node_8312960731;48.3;1.0
wd_Q4031394;Поселок Воровского;38.2910194;55.7221842;GORKOVSKOE;GORKOVSKOE;GORKOVSKOE;Горьковское;МЖД;Q4146162;;;;;never_mcd_in_source;control_candidate;;0;;;0;mcd_corridor_service_uncertain;https://www.wikidata.org/wiki/Q4031394;node_333556214;119.4;1.0
wd_Q4501273;Храпуново;38.3472913;55.7209943;GORKOVSKOE;GORKOVSKOE;GORKOVSKOE;Горьковское;МЖД;Q4146162;;;;;never_mcd_in_source;control_candidate;1898-01-01;9;1898;1;0;mcd_corridor_service_uncertain;https://www.wikidata.org/wiki/Q4501273;node_6110332204;136.4;1.0
wd_Q4518717;Чёрное;38.0598061;55.7531863;GORKOVSKOE;GORKOVSKOE;GORKOVSKOE;Горьковское;МЖД;Q4146162;;;;;never_mcd_in_source;control_candidate;1929-01-01;9;1929;1;0;mcd_corridor_service_uncertain;https://www.wikidata.org/wiki/Q4518717;node_2285182785;8.7;1.0
wd_Q4530844;Электрогорск;38.7875146;55.8828788;GORKOVSKOE;GORKOVSKOE;GORKOVSKOE;Горьковское;МЖД;Q4146162;;;;;never_mcd_in_source;control_candidate;1925-05-01;11;1925;1;0;mcd_corridor_service_uncertain;https://www.wikidata.org/wiki/Q4530844;node_1906706094;39.4;1.0
wd_Q4531095;Электросталь;38.4610226;55.7867629;GORKOVSKOE;GORKOVSKOE;GORKOVSKOE;Горьковское;МЖД;Q4146162;;;;;never_mcd_in_source;control_candidate;1916-01-01;9;1916;1;0;mcd_corridor_service_uncertain;https://www.wikidata.org/wiki/Q4531095;node_639030925;20.5;1.0
wd_Q4531111;Электроугли;38.2022213;55.7301418;GORKOVSKOE;GORKOVSKOE;GORKOVSKOE;Горьковское;МЖД;Q4146162;;;;;never_mcd_in_source;control_candidate;1861-01-01;9;1861;1;0;mcd_corridor_service_uncertain;https://www.wikidata.org/wiki/Q4531111;node_259630429;99.0;1.0
wd_Q4031333;41 км;38.2011876;55.6370373;KAZANSKOE;KAZANSKOE;KAZANSKOE;Казанское;МЖД;Q4207854;;;;;never_mcd_in_source;control_candidate;1960-01-01;9;1960;1;1;analysis_control_kazanskoe;https://www.wikidata.org/wiki/Q4031333;node_333556306;122.2;1.0
wd_Q4031739;52 км;38.3510157;55.6280233;KAZANSKOE;KAZANSKOE;KAZANSKOE;Казанское;МЖД;Q4207854;;;;;never_mcd_in_source;control_candidate;1942-01-01;9;1942;1;1;analysis_control_kazanskoe;https://www.wikidata.org/wiki/Q4031739;node_333556299;35.6;1.0
wd_Q4056142;Авсюнино;39.11467;55.5597694;KAZANSKOE;KAZANSKOE;KAZANSKOE;Казанское;МЖД;Q4207854;;;;;never_mcd_in_source;control_candidate;1912-01-01;9;1912;1;1;analysis_control_kazanskoe;https://www.wikidata.org/wiki/Q4056142;node_2933238684;126.0;1.0
wd_Q4067803;Анциферово;38.7551085;55.581773;KAZANSKOE;KAZANSKOE;KAZANSKOE;Казанское;МЖД;Q4207854;;;;;never_mcd_in_source;control_candidate;1912-01-01;9;1912;1;1;analysis_control_kazanskoe;https://www.wikidata.org/wiki/Q4067803;node_2933238685;147.4;1.0
wd_Q4032770;Беливо;39.032633;55.5656123;KAZANSKOE;KAZANSKOE;KAZANSKOE;Казанское;МЖД;Q4207854;;;;;never_mcd_in_source;control_candidate;1926-01-01;9;1926;1;1;analysis_control_kazanskoe;https://www.wikidata.org/wiki/Q4032770;node_3221716795;18.3;1.0
wd_Q4095166;Ботино;39.6006915;55.5653037;KAZANSKOE;KAZANSKOE;KAZANSKOE;Казанское;МЖД;Q4207854;;;;;never_mcd_in_source;control_candidate;1952-01-01;9;1952;1;1;analysis_control_kazanskoe;https://www.wikidata.org/wiki/Q4095166;node_2831324182;13.5;1.0
wd_Q4122552;Воймежный;39.8619606;55.5654254;KAZANSKOE;KAZANSKOE;KAZANSKOE;Казанское;МЖД;Q4207854;;;;;never_mcd_in_source;control_candidate;1912-01-01;9;1912;1;1;analysis_control_kazanskoe;https://www.wikidata.org/wiki/Q4122552;node_4804289407;140.1;1.0
wd_Q4130388;Вялки;38.1118755;55.6479884;KAZANSKOE;KAZANSKOE;KAZANSKOE;Казанское;МЖД;Q4207854;;;;;never_mcd_in_source;control_candidate;1912-01-01;9;1912;1;1;analysis_control_kazanskoe;https://www.wikidata.org/wiki/Q4130388;node_1994609607;12.2;1.0
wd_Q4137863;Гжель;38.4455487;55.6092322;KAZANSKOE;KAZANSKOE;KAZANSKOE;Казанское;МЖД;Q4207854;;;;;never_mcd_in_source;control_candidate;1912-01-01;9;1912;1;1;analysis_control_kazanskoe;https://www.wikidata.org/wiki/Q4137863;node_1994609610;271.9;1.0
wd_Q4031809;Гжельские источники;38.413679;55.6147522;KAZANSKOE;KAZANSKOE;KAZANSKOE;Казанское;МЖД;Q4207854;;;;;never_mcd_in_source;control_candidate;1989-01-01;9;1989;1;1;analysis_control_kazanskoe;https://www.wikidata.org/wiki/Q4031809;node_333556261;25.1;1.0
wd_Q4149189;Григорово;38.3902299;55.6252395;KAZANSKOE;KAZANSKOE;KAZANSKOE;Казанское;МЖД;Q4207854;;;;;never_mcd_in_source;control_candidate;1932-01-01;9;1932;1;1;analysis_control_kazanskoe;https://www.wikidata.org/wiki/Q4149189;node_1994609615;74.5;1.0
wd_Q4166289;Донино;38.2751739;55.6360579;KAZANSKOE;KAZANSKOE;KAZANSKOE;Казанское;МЖД;Q4207854;;;;;never_mcd_in_source;control_candidate;1912-01-01;9;1912;1;1;analysis_control_kazanskoe;https://www.wikidata.org/wiki/Q4166289;node_4804174180;81.0;1.0
wd_Q4186759;Заполицы;39.2220841;55.5695175;KAZANSKOE;KAZANSKOE;KAZANSKOE;Казанское;МЖД;Q4207854;;;;;never_mcd_in_source;control_candidate;1933-01-01;9;1933;1;1;analysis_control_kazanskoe;https://www.wikidata.org/wiki/Q4186759;node_253016691;37.4;1.0
wd_Q4187087;Запутная;39.3040001;55.5725446;KAZANSKOE;KAZANSKOE;KAZANSKOE;Казанское;МЖД;Q4207854;;;;;never_mcd_in_source;control_candidate;1912-01-01;9;1912;1;1;analysis_control_kazanskoe;https://www.wikidata.org/wiki/Q4187087;node_678385351;55.3;1.0
wd_Q4197559;Игнатьево;38.505377;55.603774;KAZANSKOE;KAZANSKOE;KAZANSKOE;Казанское;МЖД;Q4207854;;;;;never_mcd_in_source;control_candidate;1932-01-01;9;1932;1;1;analysis_control_kazanskoe;https://www.wikidata.org/wiki/Q4197559;node_568605594;17.4;1.0
wd_Q4031557;Игумново;38.3135396;55.6287852;KAZANSKOE;KAZANSKOE;KAZANSKOE;Казанское;МЖД;Q4207854;;;;;never_mcd_in_source;control_candidate;1982-01-01;9;1982;1;1;analysis_control_kazanskoe;https://www.wikidata.org/wiki/Q4031557;node_333556302;35.7;1.0
wd_Q4232924;Коренёво;38.0006963;55.6681327;KAZANSKOE;KAZANSKOE;KAZANSKOE;Казанское;МЖД;Q4207854;;;;;never_mcd_in_source;control_candidate;1968-01-01;9;1968;1;1;analysis_control_kazanskoe;https://www.wikidata.org/wiki/Q4232924;node_1994609638;12.2;1.0
wd_Q4245538;Кузяево;38.5456973;55.6039038;KAZANSKOE;KAZANSKOE;KAZANSKOE;Казанское;МЖД;Q4207854;;;;;never_mcd_in_source;control_candidate;1936-01-01;9;1936;1;1;analysis_control_kazanskoe;https://www.wikidata.org/wiki/Q4245538;node_2393108546;13.9;1.0
wd_Q4032721;Локомотивное Депо;38.9508077;55.5713905;KAZANSKOE;KAZANSKOE;KAZANSKOE;Казанское;МЖД;Q4207854;;;;;never_mcd_in_source;control_candidate;1988-01-01;9;1988;1;1;analysis_control_kazanskoe;https://www.wikidata.org/wiki/Q4032721;node_2007383841;6.6;1.0
wd_Q4271448;Люберцы 2;37.9333995;55.6726546;KAZANSKOE;KAZANSKOE;KAZANSKOE;Казанское;МЖД;Q4207854;;;;;never_mcd_in_source;control_candidate;1912-01-01;9;1912;1;1;analysis_control_kazanskoe;https://www.wikidata.org/wiki/Q4271448;node_1994609660;59.1;0.84
wd_Q4330764;Овражки;38.0334718;55.6647236;KAZANSKOE;KAZANSKOE;KAZANSKOE;Казанское;МЖД;Q4207854;;;;;never_mcd_in_source;control_candidate;1912-01-01;9;1912;1;1;analysis_control_kazanskoe;https://www.wikidata.org/wiki/Q4330764;node_1994609699;32.3;1.0
wd_Q4368157;Подосинки;38.8234154;55.5720451;KAZANSKOE;KAZANSKOE;KAZANSKOE;Казанское;МЖД;Q4207854;;;;;never_mcd_in_source;control_candidate;1960-01-01;9;1960;1;1;analysis_control_kazanskoe;https://www.wikidata.org/wiki/Q4368157;node_2933238686;74.0;1.0
wd_Q4395927;Родники;38.0678689;55.6558293;KAZANSKOE;KAZANSKOE;KAZANSKOE;Казанское;МЖД;Q4207854;;;;;never_mcd_in_source;control_candidate;1971-01-01;9;1971;1;1;analysis_control_kazanskoe;https://www.wikidata.org/wiki/Q4395927;node_256104649;48.1;1.0
wd_Q4032326;Смолёво;38.6923471;55.5899843;KAZANSKOE;KAZANSKOE;KAZANSKOE;Казанское;МЖД;Q4207854;;;;;never_mcd_in_source;control_candidate;1983-01-01;9;1983;1;1;analysis_control_kazanskoe;https://www.wikidata.org/wiki/Q4032326;node_1694252417;9.8;1.0
wd_Q4464900;Туголесье;39.7983396;55.5646763;KAZANSKOE;KAZANSKOE;KAZANSKOE;Казанское;МЖД;Q4207854;;;;;never_mcd_in_source;control_candidate;1964-01-01;9;1964;1;1;analysis_control_kazanskoe;https://www.wikidata.org/wiki/Q4464900;node_4804280819;158.2;1.0
wd_Q4501382;Хрипань;38.1754254;55.638633;KAZANSKOE;KAZANSKOE;KAZANSKOE;Казанское;МЖД;Q4207854;;;;;never_mcd_in_source;control_candidate;1912-01-01;9;1912;1;1;analysis_control_kazanskoe;https://www.wikidata.org/wiki/Q4501382;node_271147848;114.2;1.0
wd_Q4514716;Черусти;40.0045057;55.54244;KAZANSKOE;KAZANSKOE;KAZANSKOE;Казанское;МЖД;Q4207854;;;;;never_mcd_in_source;control_candidate;1912-01-01;9;1912;1;1;analysis_control_kazanskoe;https://www.wikidata.org/wiki/Q4514716;node_4804294316;193.7;1.0
wd_Q4520996;Шатура;39.520419;55.5731624;KAZANSKOE;KAZANSKOE;KAZANSKOE;Казанское;МЖД;Q4207854;;;;;never_mcd_in_source;control_candidate;1924-01-01;9;1924;1;1;analysis_control_kazanskoe;https://www.wikidata.org/wiki/Q4520996;node_1994609856;77.8;1.0
wd_Q4520999;Шатурторф;39.4079432;55.57288;KAZANSKOE;KAZANSKOE;KAZANSKOE;Казанское;МЖД;Q4207854;;;;;never_mcd_in_source;control_candidate;1923-01-01;9;1923;1;1;analysis_control_kazanskoe;https://www.wikidata.org/wiki/Q4520999;node_253016685;80.2;1.0
wd_Q4521993;Шевлягино;38.610446;55.5995371;KAZANSKOE;KAZANSKOE;KAZANSKOE;Казанское;МЖД;Q4207854;;;;;never_mcd_in_source;control_candidate;1912-01-01;9;1912;1;1;analysis_control_kazanskoe;https://www.wikidata.org/wiki/Q4521993;node_2590093182;14.8;1.0
wd_Q4060381;Алабино;36.9913155;55.5286039;KIEVSKOE;KIEVSKOE;KIEVSKOE;Киевское;МЖД;Q4220266;;;;;never_mcd_in_source;control_candidate;1899-01-01;9;1899;1;0;mcd_corridor_service_uncertain;https://www.wikidata.org/wiki/Q4060381;node_3750101608;133.0;1.0
wd_Q14927618;Аэропорт;37.2660622;55.6099621;KIEVSKOE;KIEVSKOE;KIEVSKOE;Киевское;МЖД;Q4220266;;;;;never_mcd_in_source;control_candidate;1946-01-01;9;1946;1;0;mcd_corridor_service_uncertain;https://www.wikidata.org/wiki/Q14927618;node_8204060757;7.3;1.0
wd_Q4073690;Аэропорт Внуково;37.286848;55.6066179;KIEVSKOE;KIEVSKOE;KIEVSKOE;Киевское;МЖД;Q4220266;;;;;never_mcd_in_source;control_candidate;2005-08-07;11;2005;1;0;mcd_corridor_service_uncertain;https://www.wikidata.org/wiki/Q4073690;node_6418693116;129.9;1.0
wd_Q4080135;Башкино;36.6727901;55.3177698;KIEVSKOE;KIEVSKOE;KIEVSKOE;Киевское;МЖД;Q4220266;;;;;never_mcd_in_source;control_candidate;1899-01-01;9;1899;1;0;mcd_corridor_service_uncertain;https://www.wikidata.org/wiki/Q4080135;node_2940185786;17.8;1.0
wd_Q4155419;Дачная;37.0362931;55.5404743;KIEVSKOE;KIEVSKOE;KIEVSKOE;Киевское;МЖД;Q4220266;;;;;never_mcd_in_source;control_candidate;;0;;;0;mcd_corridor_service_uncertain;https://www.wikidata.org/wiki/Q4155419;node_1991442433;37.3;1.0
wd_Q4194086;Зосимова Пустынь;36.8137918;55.4149943;KIEVSKOE;KIEVSKOE;KIEVSKOE;Киевское;МЖД;Q4220266;;;;;never_mcd_in_source;control_candidate;1899-01-01;9;1899;1;0;mcd_corridor_service_uncertain;https://www.wikidata.org/wiki/Q4194086;node_3113131956;64.6;1.0
wd_Q666886;Киевский вокзал;37.5674;55.7432;KIEVSKOE;KIEVSKOE;KIEVSKOE;Киевское;МЖД;Q4220266;;;;;never_mcd_in_source;control_candidate;1918-02-18;11;1918;1;0;mcd_corridor_service_uncertain;https://www.wikidata.org/wiki/Q666886;;;
wd_Q4255094;Латышская;36.7053533;55.359377;KIEVSKOE;KIEVSKOE;KIEVSKOE;Киевское;МЖД;Q4220266;;;;;never_mcd_in_source;control_candidate;1935-01-01;9;1935;1;0;mcd_corridor_service_uncertain;https://www.wikidata.org/wiki/Q4255094;node_727674830;11.5;1.0
wd_Q3920172;Москва-Сортировочная-Киевская;37.5123234;55.7282829;KIEVSKOE;KIEVSKOE;KIEVSKOE;Киевское;МЖД;Q4220266;;;;;never_mcd_in_source;control_candidate;1929-01-01;9;1929;1;0;mcd_corridor_service_uncertain;https://www.wikidata.org/wiki/Q3920172;node_8551829155;68.4;1.0
wd_Q4313036;Нара;36.7511001;55.3831594;KIEVSKOE;KIEVSKOE;KIEVSKOE;Киевское;МЖД;Q4220266;;;;;never_mcd_in_source;control_candidate;1899-01-01;9;1899;1;0;mcd_corridor_service_uncertain;https://www.wikidata.org/wiki/Q4313036;node_2966093424;12.4;1.0
wd_Q16682604;Ожигово;36.887269;55.458066;KIEVSKOE;KIEVSKOE;KIEVSKOE;Киевское;МЖД;Q4220266;;;;;never_mcd_in_source;control_candidate;1964-01-01;9;1964;1;0;mcd_corridor_service_uncertain;https://www.wikidata.org/wiki/Q16682604;node_3113131958;13.5;1.0
wd_Q4340629;Очаково II;37.5;55.704722222;KIEVSKOE;KIEVSKOE;KIEVSKOE;Киевское;МЖД;Q4220266;;;;;never_mcd_in_source;control_candidate;1958-01-01;9;1958;1;0;mcd_corridor_service_uncertain;https://www.wikidata.org/wiki/Q4340629;;;
wd_Q4390517;Рассудово;36.916682;55.4801127;KIEVSKOE;KIEVSKOE;KIEVSKOE;Киевское;МЖД;Q4220266;;;;;never_mcd_in_source;control_candidate;1899-01-01;9;1899;1;0;mcd_corridor_service_uncertain;https://www.wikidata.org/wiki/Q4390517;node_3113131961;75.0;1.0
wd_Q4415031;Селятино;36.96727;55.51659;KIEVSKOE;KIEVSKOE;KIEVSKOE;Киевское;МЖД;Q4220266;;;;;never_mcd_in_source;control_candidate;1926-01-01;9;1926;1;0;mcd_corridor_service_uncertain;https://www.wikidata.org/wiki/Q4415031;node_1991442444;203.6;1.0
wd_Q16271829;107 км;37.4139418;54.8712768;KURSKOE;KURSKOE;KURSKOE;Курское;МЖД;Q4248874;;;;;never_mcd_in_source;control_candidate;;0;;;0;mcd_corridor_service_uncertain;https://www.wikidata.org/wiki/Q16271829;node_3078161271;113.5;1.0
wd_Q14927623;92 км;37.4618923;54.9955313;KURSKOE;KURSKOE;KURSKOE;Курское;МЖД;Q4248874;;;;;never_mcd_in_source;control_candidate;;0;;;0;mcd_corridor_service_uncertain;https://www.wikidata.org/wiki/Q14927623;node_913790572;72.7;1.0
wd_Q4055337;Авангард;37.451095;54.9606545;KURSKOE;KURSKOE;KURSKOE;Курское;МЖД;Q4248874;;;;;never_mcd_in_source;control_candidate;1904-01-01;9;1904;1;0;mcd_corridor_service_uncertain;https://www.wikidata.org/wiki/Q4055337;node_1109322547;13.1;1.0
wd_Q4109471;Весенняя;37.534593;55.3852867;KURSKOE;KURSKOE;KURSKOE;Курское;МЖД;Q4248874;;;;;never_mcd_in_source;control_candidate;1951-01-01;9;1951;1;0;mcd_corridor_service_uncertain;https://www.wikidata.org/wiki/Q4109471;node_2000351174;68.4;1.0
wd_Q4149000;Гривно;37.534166666;55.384722222;KURSKOE;KURSKOE;KURSKOE;Курское;МЖД;Q4248874;;;;;never_mcd_in_source;control_candidate;1882-01-01;9;1882;1;0;mcd_corridor_service_uncertain;https://www.wikidata.org/wiki/Q4149000;;;
wd_Q4032114;Ивачково;37.4853044;55.224241;KURSKOE;KURSKOE;KURSKOE;Курское;МЖД;Q4248874;;;;;never_mcd_in_source;control_candidate;;0;;;0;mcd_corridor_service_uncertain;https://www.wikidata.org/wiki/Q4032114;node_322047047;120.5;1.0
wd_Q4249640;Кутузовская;37.5484205;55.4035858;KURSKOE;KURSKOE;KURSKOE;Курское;МЖД;Q4248874;;;;;never_mcd_in_source;control_candidate;;0;;;0;mcd_corridor_service_uncertain;https://www.wikidata.org/wiki/Q4249640;node_474554729;49.5;1.0
wd_Q4270084;Луч;37.4948459;55.0941896;KURSKOE;KURSKOE;KURSKOE;Курское;МЖД;Q4248874;;;;;never_mcd_in_source;control_candidate;1908-01-01;9;1908;1;0;mcd_corridor_service_uncertain;https://www.wikidata.org/wiki/Q4270084;node_2719817096;163.3;1.0
wd_Q4271030;Львовская;37.5154586;55.3123577;KURSKOE;KURSKOE;KURSKOE;Курское;МЖД;Q4248874;;;;;never_mcd_in_source;control_candidate;1905-01-01;9;1905;1;0;mcd_corridor_service_uncertain;https://www.wikidata.org/wiki/Q4271030;node_1987941102;161.2;1.0
wd_Q4228792;Молоди;37.5048102;55.2808875;KURSKOE;KURSKOE;KURSKOE;Курское;МЖД;Q4248874;;;;;never_mcd_in_source;control_candidate;1929-01-01;9;1929;1;0;mcd_corridor_service_uncertain;https://www.wikidata.org/wiki/Q4228792;node_1987941100;14.4;1.0
wd_Q4332431;Ока;37.4297244;54.8862422;KURSKOE;KURSKOE;KURSKOE;Курское;МЖД;Q4248874;;;;;never_mcd_in_source;control_candidate;1867-01-01;9;1867;1;0;mcd_corridor_service_uncertain;https://www.wikidata.org/wiki/Q4332431;node_602157124;228.3;1.0
wd_Q4417797;Серпухов;37.4518444;54.9347142;KURSKOE;KURSKOE;KURSKOE;Курское;МЖД;Q4248874;;;;;never_mcd_in_source;control_candidate;1865-01-01;9;1865;1;0;mcd_corridor_service_uncertain;https://www.wikidata.org/wiki/Q4417797;node_676652914;11.4;1.0
wd_Q4511851;Чепелёво;37.4867332;55.1821393;KURSKOE;KURSKOE;KURSKOE;Курское;МЖД;Q4248874;;;;;never_mcd_in_source;control_candidate;;0;;;0;mcd_corridor_service_uncertain;https://www.wikidata.org/wiki/Q4511851;node_1990632026;28.7;1.0
wd_Q4520435;Шарапова Охота;37.494861111;55.092722222;KURSKOE;KURSKOE;KURSKOE;Курское;МЖД;Q4248874;;;;;never_mcd_in_source;control_candidate;1865-01-01;9;1865;1;0;mcd_corridor_service_uncertain;https://www.wikidata.org/wiki/Q4520435;;;
wd_Q4060398;Алабушево;37.1406636;56.0080842;LENINGRADSKOE;LENINGRADSKOE;LENINGRADSKOE;Ленинградское;ОЖД;Q114425691;;;;;never_mcd_in_source;control_candidate;1932-01-01;9;1932;1;0;mcd_corridor_service_uncertain;https://www.wikidata.org/wiki/Q4060398;node_316172721;11.1;1.0
wd_Q4085329;Берёзки-Дачные;37.0318238;56.1097705;LENINGRADSKOE;LENINGRADSKOE;LENINGRADSKOE;Ленинградское;ОЖД;Q114425691;;;;;never_mcd_in_source;control_candidate;1901-01-01;9;1901;1;0;mcd_corridor_service_uncertain;https://www.wikidata.org/wiki/Q4085329;node_1994411882;8.8;1.0
wd_Q4141956;Головково;36.8844323;56.2225498;LENINGRADSKOE;LENINGRADSKOE;LENINGRADSKOE;Ленинградское;ОЖД;Q114425691;;;;;never_mcd_in_source;control_candidate;1932-01-01;9;1932;1;0;mcd_corridor_service_uncertain;https://www.wikidata.org/wiki/Q4141956;node_2000351176;19.9;1.0
wd_Q4223849;Клин;36.7115625;56.330954;LENINGRADSKOE;LENINGRADSKOE;LENINGRADSKOE;Ленинградское;ОЖД;Q114425691;;;;;never_mcd_in_source;control_candidate;1851-01-01;9;1851;1;0;mcd_corridor_service_uncertain;https://www.wikidata.org/wiki/Q4223849;node_1994682639;259.2;1.0
wd_Q106232330;Москва-Октябрьская;37.65387;55.77866;LENINGRADSKOE;LENINGRADSKOE;LENINGRADSKOE;Ленинградское;ОЖД;Q114425725;;;;;never_mcd_in_source;control_candidate;;0;;;0;mcd_corridor_service_uncertain;https://www.wikidata.org/wiki/Q106232330;;;
wd_Q4366341;Поваровка;37.0768059;56.0638507;LENINGRADSKOE;LENINGRADSKOE;LENINGRADSKOE;Ленинградское;ОЖД;Q114425691;;;;;never_mcd_in_source;control_candidate;1894-01-01;9;1894;1;0;mcd_corridor_service_uncertain;https://www.wikidata.org/wiki/Q4366341;node_2023436702;11.0;1.0
wd_Q4368310;Подсолнечная;36.9715758;56.1843035;LENINGRADSKOE;LENINGRADSKOE;LENINGRADSKOE;Ленинградское;ОЖД;Q114425691;;;;;never_mcd_in_source;control_candidate;1851-01-01;9;1851;1;0;mcd_corridor_service_uncertain;https://www.wikidata.org/wiki/Q4368310;node_2000351187;27.7;1.0
wd_Q4369213;Покровка;36.8284137;56.237805;LENINGRADSKOE;LENINGRADSKOE;LENINGRADSKOE;Ленинградское;ОЖД;Q114425691;;;;;never_mcd_in_source;control_candidate;1874-01-01;9;1874;1;0;mcd_corridor_service_uncertain;https://www.wikidata.org/wiki/Q4369213;node_2000351189;57.7;1.0
wd_Q4387722;Радищево;37.1022838;56.0416126;LENINGRADSKOE;LENINGRADSKOE;LENINGRADSKOE;Ленинградское;ОЖД;Q114425691;;;;;never_mcd_in_source;control_candidate;1961-01-01;9;1961;1;0;mcd_corridor_service_uncertain;https://www.wikidata.org/wiki/Q4387722;node_1994411933;16.9;1.0
wd_Q4394095;Решетниково;36.5674002;56.449125;LENINGRADSKOE;LENINGRADSKOE;LENINGRADSKOE;Ленинградское;ОЖД;Q114425691;;;;;never_mcd_in_source;control_candidate;1851-01-01;9;1851;1;0;mcd_corridor_service_uncertain;https://www.wikidata.org/wiki/Q4394095;node_1994682619;52.1;1.0
wd_Q4416128;Сенеж;36.9346672;56.2065488;LENINGRADSKOE;LENINGRADSKOE;LENINGRADSKOE;Ленинградское;ОЖД;Q114425691;;;;;never_mcd_in_source;control_candidate;1958-01-01;9;1958;1;0;mcd_corridor_service_uncertain;https://www.wikidata.org/wiki/Q4416128;node_2000351190;46.6;1.0
wd_Q4443555;Стреглово;36.7367293;56.298648;LENINGRADSKOE;LENINGRADSKOE;LENINGRADSKOE;Ленинградское;ОЖД;Q114425691;;;;;never_mcd_in_source;control_candidate;1961-01-01;9;1961;1;0;mcd_corridor_service_uncertain;https://www.wikidata.org/wiki/Q4443555;node_2000351191;22.3;1.0
wd_Q4492996;Фроловское;36.7604091;56.2695763;LENINGRADSKOE;LENINGRADSKOE;LENINGRADSKOE;Ленинградское;ОЖД;Q114425691;;;;;never_mcd_in_source;control_candidate;1910-01-01;9;1910;1;0;mcd_corridor_service_uncertain;https://www.wikidata.org/wiki/Q4492996;node_2000351192;124.6;1.0
wd_Q4498650;Ховрино;37.509166666;55.869444444;LENINGRADSKOE;LENINGRADSKOE;LENINGRADSKOE;Ленинградское;ОЖД;Q114425691|Q114425725;;;;;never_mcd_in_source;control_candidate;1893-01-01;9;1893;1;0;mcd_corridor_service_uncertain;https://www.wikidata.org/wiki/Q4498650;;;
wd_Q4537763;Ямуга;36.6212446;56.4044189;LENINGRADSKOE;LENINGRADSKOE;LENINGRADSKOE;Ленинградское;ОЖД;Q114425691;;;;;never_mcd_in_source;control_candidate;1939-01-01;9;1939;1;0;mcd_corridor_service_uncertain;https://www.wikidata.org/wiki/Q4537763;node_314532812;38.0;1.0
wd_Q4030898;32 км;37.7474946;55.4728668;PAVELETSKOE;PAVELETSKOE;PAVELETSKOE;Павелецкое;МЖД;Q4341281;;;;;never_mcd_in_source;control_candidate;;0;;;0;opening_unknown;https://www.wikidata.org/wiki/Q4030898;node_2000568584;6.8;1.0
wd_Q97399529;85 км;38.0099675;55.0263732;PAVELETSKOE;PAVELETSKOE;PAVELETSKOE;Павелецкое;МЖД;Q4341281;;;;;never_mcd_in_source;control_candidate;;0;;;0;opening_unknown;https://www.wikidata.org/wiki/Q97399529;node_11188891194;63.3;1.0
wd_Q4055824;Авиационная;37.8358311;55.4224224;PAVELETSKOE;PAVELETSKOE;PAVELETSKOE;Павелецкое;МЖД;Q4341281;;;;;never_mcd_in_source;control_candidate;1963-01-01;9;1963;1;1;candidate;https://www.wikidata.org/wiki/Q4055824;node_2281272965;272.1;1.0
wd_Q4059794;Акри;38.1188309;54.8735036;PAVELETSKOE;PAVELETSKOE;PAVELETSKOE;Павелецкое;МЖД;Q4341281;;;;;never_mcd_in_source;control_candidate;1932-01-01;9;1932;1;1;candidate;https://www.wikidata.org/wiki/Q4059794;node_403775091;8.3;1.0
wd_Q4073692;Аэропорт Домодедово;37.8969119;55.4150323;PAVELETSKOE;PAVELETSKOE;PAVELETSKOE;Павелецкое;МЖД;Q4341281;;;;;never_mcd_in_source;control_candidate;1965-01-01;9;1965;1;1;candidate;https://www.wikidata.org/wiki/Q4073692;node_148240095;53.1;1.0
wd_Q4078825;Барыбино;37.8959269;55.2702328;PAVELETSKOE;PAVELETSKOE;PAVELETSKOE;Павелецкое;МЖД;Q4341281;;;;;never_mcd_in_source;control_candidate;1900-01-01;9;1900;1;1;candidate;https://www.wikidata.org/wiki/Q4078825;node_2000568564;180.9;1.0
wd_Q4082637;Белопесоцкий;38.1422447;54.869507;PAVELETSKOE;PAVELETSKOE;PAVELETSKOE;Павелецкое;МЖД;Q4341281;;;;;never_mcd_in_source;control_candidate;1932-01-01;9;1932;1;1;candidate;https://www.wikidata.org/wiki/Q4082637;node_540186756;37.7;1.0
wd_Q4083009;Белые Столбы;37.8509317;55.3334705;PAVELETSKOE;PAVELETSKOE;PAVELETSKOE;Павелецкое;МЖД;Q4341281;;;;;never_mcd_in_source;control_candidate;1900-01-01;9;1900;1;1;candidate;https://www.wikidata.org/wiki/Q4083009;node_2000568565;16.5;1.0
wd_Q4087172;Бирюлёво-Пассажирское;37.6595425;55.5831802;PAVELETSKOE;PAVELETSKOE;PAVELETSKOE;Павелецкое;МЖД;Q4341281;;;;;never_mcd_in_source;control_candidate;1900-01-01;9;1900;1;1;candidate;https://www.wikidata.org/wiki/Q4087172;node_148263975;20.7;0.9
wd_Q4087177;Бирюлёво-Товарное;37.6539345;55.5927752;PAVELETSKOE;PAVELETSKOE;PAVELETSKOE;Павелецкое;МЖД;Q4341281;;;;;never_mcd_in_source;control_candidate;1900-01-01;9;1900;1;1;candidate;https://www.wikidata.org/wiki/Q4087177;node_311605855;2.9;0.88
wd_Q4098773;Булатниково;37.6681803;55.5662501;PAVELETSKOE;PAVELETSKOE;PAVELETSKOE;Павелецкое;МЖД;Q4341281;;;;;never_mcd_in_source;control_candidate;1932-01-01;9;1932;1;1;candidate;https://www.wikidata.org/wiki/Q4098773;node_489906221;30.1;1.0
wd_Q106713423;Варшавская;37.6221979;55.654956;PAVELETSKOE;PAVELETSKOE;PAVELETSKOE;Павелецкое;МЖД;Q4341281;;;;;never_mcd_in_source;control_candidate;1900-01-01;9;1900;1;1;candidate;https://www.wikidata.org/wiki/Q106713423;node_292789222;30.5;1.0
wd_Q4107029;Вельяминово;37.9211447;55.2045801;PAVELETSKOE;PAVELETSKOE;PAVELETSKOE;Павелецкое;МЖД;Q4341281;;;;;never_mcd_in_source;control_candidate;1900-01-01;9;1900;1;1;candidate;https://www.wikidata.org/wiki/Q4107029;node_2001755282;64.1;1.0
wd_Q48950780;Верхние Котлы;37.6169631;55.6900297;PAVELETSKOE;PAVELETSKOE;PAVELETSKOE;Павелецкое;МЖД;Q4341281;;;;;never_mcd_in_source;control_candidate;2018-12-25;11;2018;0;0;opened_after_baseline;https://www.wikidata.org/wiki/Q48950780;node_6163569388;39.9;1.0
wd_Q4110367;Взлётная;37.8054339;55.3950272;PAVELETSKOE;PAVELETSKOE;PAVELETSKOE;Павелецкое;МЖД;Q4341281;;;;;never_mcd_in_source;control_candidate;;0;;;0;opening_unknown;https://www.wikidata.org/wiki/Q4110367;node_2000568566;114.4;1.0
wd_Q4126690;Востряково;37.8147758;55.382262;PAVELETSKOE;PAVELETSKOE;PAVELETSKOE;Павелецкое;МЖД;Q4341281;;;;;never_mcd_in_source;control_candidate;1900-01-01;9;1900;1;1;candidate;https://www.wikidata.org/wiki/Q4126690;node_540212671;4.5;1.0
wd_Q97398026;Данилово;37.8706669;55.3112932;PAVELETSKOE;PAVELETSKOE;PAVELETSKOE;Павелецкое;МЖД;Q4341281;;;;;never_mcd_in_source;control_candidate;;0;;;0;opening_unknown;https://www.wikidata.org/wiki/Q97398026;node_3993327057;13.6;1.0
wd_Q97397820;Депо;37.7784225;55.4280116;PAVELETSKOE;PAVELETSKOE;PAVELETSKOE;Павелецкое;МЖД;Q4341281;;;;;never_mcd_in_source;control_candidate;;0;;;0;opening_unknown;https://www.wikidata.org/wiki/Q97397820;node_11193136333;9.0;1.0
wd_Q102077445;Дербеневская;37.6433584;55.7175334;PAVELETSKOE;PAVELETSKOE;PAVELETSKOE;Павелецкое;МЖД;Q4341281;;;;;never_mcd_in_source;control_candidate;1900-01-01;9;1900;1;1;candidate;https://www.wikidata.org/wiki/Q102077445;node_2023211069;9.2;1.0
wd_Q4165928;Домодедово;37.7731873;55.4400646;PAVELETSKOE;PAVELETSKOE;PAVELETSKOE;Павелецкое;МЖД;Q4341281;;;;;never_mcd_in_source;control_candidate;1900-01-19;11;1900;1;1;candidate;https://www.wikidata.org/wiki/Q4165928;node_2005883653;46.1;1.0
wd_Q4209529;Калинина;37.7079731;55.5166157;PAVELETSKOE;PAVELETSKOE;PAVELETSKOE;Павелецкое;МЖД;Q4341281;;;;;never_mcd_in_source;control_candidate;1927-01-01;9;1927;1;1;candidate;https://www.wikidata.org/wiki/Q4209529;node_2001755309;19.8;1.0
wd_Q4218144;Кашира-Пассажирская;38.1894127;54.8576741;PAVELETSKOE;PAVELETSKOE;PAVELETSKOE;Павелецкое;МЖД;Q4341281;;;;;never_mcd_in_source;control_candidate;1900-01-01;9;1900;1;1;candidate;https://www.wikidata.org/wiki/Q4218144;node_540181855;19.5;1.0
wd_Q4228343;Коломенское;37.621944444;55.654722222;PAVELETSKOE;PAVELETSKOE;PAVELETSKOE;Павелецкое;МЖД;Q4341281;;;;;never_mcd_in_source;control_candidate;1900-01-01;9;1900;1;1;candidate;https://www.wikidata.org/wiki/Q4228343;;;
wd_Q4235075;Космос;37.8813958;55.4287814;PAVELETSKOE;PAVELETSKOE;PAVELETSKOE;Павелецкое;МЖД;Q4341281;;;;;never_mcd_in_source;control_candidate;1963-01-01;9;1963;1;1;candidate;https://www.wikidata.org/wiki/Q4235075;node_11188034787;55.7;1.0
wd_Q4258264;Ленинская;37.7312745;55.4886334;PAVELETSKOE;PAVELETSKOE;PAVELETSKOE;Павелецкое;МЖД;Q4341281;;;;;never_mcd_in_source;control_candidate;1900-01-01;9;1900;1;1;candidate;https://www.wikidata.org/wiki/Q4258264;node_2000568569;53.4;1.0
wd_Q4303700;Москва-Товарная-Павелецкая;37.643416666;55.7175;PAVELETSKOE;PAVELETSKOE;PAVELETSKOE;Павелецкое;МЖД;Q4341281;;;;;never_mcd_in_source;control_candidate;1900-01-01;9;1900;1;1;candidate;https://www.wikidata.org/wiki/Q4303700;;;
wd_Q4319019;Нагатинская;37.6208766;55.6822514;PAVELETSKOE;PAVELETSKOE;PAVELETSKOE;Павелецкое;МЖД;Q4341281;;;;;never_mcd_in_source;control_candidate;1958-01-01;9;1958;1;1;candidate;https://www.wikidata.org/wiki/Q4319019;node_2023211071;37.2;1.0
wd_Q1394233;Павелецкий вокзал;37.63959;55.72983;PAVELETSKOE;PAVELETSKOE;PAVELETSKOE;Павелецкое;МЖД;Q4341281;;;;;never_mcd_in_source;control_candidate;1900-01-01;9;1900;1;1;candidate;https://www.wikidata.org/wiki/Q1394233;;;
wd_Q97398986;Привалово;37.9382517;55.1699147;PAVELETSKOE;PAVELETSKOE;PAVELETSKOE;Павелецкое;МЖД;Q4341281;;;;;never_mcd_in_source;control_candidate;;0;;;0;opening_unknown;https://www.wikidata.org/wiki/Q97398986;node_2001755295;21.5;1.0
wd_Q4390604;Расторгуево;37.6864421;55.5481921;PAVELETSKOE;PAVELETSKOE;PAVELETSKOE;Павелецкое;МЖД;Q4341281;;;;;never_mcd_in_source;control_candidate;1900-01-01;9;1900;1;1;candidate;https://www.wikidata.org/wiki/Q4390604;node_2001755299;41.5;1.0
wd_Q28667497;Ситенка;38.0520455;54.9454067;PAVELETSKOE;PAVELETSKOE;PAVELETSKOE;Павелецкое;МЖД;Q4341281;;;;;never_mcd_in_source;control_candidate;1964-01-01;9;1964;1;1;candidate;https://www.wikidata.org/wiki/Q28667497;node_2719885858;76.5;1.0
wd_Q4444689;Ступино;38.0789616;54.9090262;PAVELETSKOE;PAVELETSKOE;PAVELETSKOE;Павелецкое;МЖД;Q4341281;;;;;never_mcd_in_source;control_candidate;1900-01-01;9;1900;1;1;candidate;https://www.wikidata.org/wiki/Q4444689;node_2719885862;9.1;1.0
wd_Q4456410;Тесна;38.2432172;54.8307244;PAVELETSKOE;PAVELETSKOE;PAVELETSKOE;Павелецкое;МЖД;Q4341281;;;;;never_mcd_in_source;control_candidate;1936-01-01;9;1936;1;1;candidate;https://www.wikidata.org/wiki/Q4456410;node_540181770;14.7;1.0
wd_Q4182154;Тульская;37.6238334;55.7045344;PAVELETSKOE;PAVELETSKOE;PAVELETSKOE;Павелецкое;МЖД;Q4341281;;;;;never_mcd_in_source;control_candidate;1958-01-01;9;1958;1;1;candidate;https://www.wikidata.org/wiki/Q4182154;node_3993251044;51.6;1.0
wd_Q4514626;Чертаново;37.6273775;55.631036;PAVELETSKOE;PAVELETSKOE;PAVELETSKOE;Павелецкое;МЖД;Q4341281;;;;;never_mcd_in_source;control_candidate;1936-01-01;9;1936;1;1;candidate;https://www.wikidata.org/wiki/Q4514626;node_1380353785;31.8;1.0
wd_Q96749041;Шугарово;37.9883582;55.0625346;PAVELETSKOE;PAVELETSKOE;PAVELETSKOE;Павелецкое;МЖД;Q4341281;;;;;never_mcd_in_source;control_candidate;;0;;;0;opening_unknown;https://www.wikidata.org/wiki/Q96749041;node_3993333020;43.7;1.0
wd_Q109638339;126 км;38.2247172;54.7465078;Q109631712;Q109631712;Q109631712;Ожерелье — Новомосковская II;МЖД;Q109631712;;;;;never_mcd_in_source;control_candidate;;0;;;0;opening_unknown;https://www.wikidata.org/wiki/Q109638339;node_11193026645;2.3;1.0
wd_Q109638340;Пчеловодное;38.2097522;54.7117731;Q109631712;Q109631712;Q109631712;Ожерелье — Новомосковская II;МЖД;Q109631712;;;;;never_mcd_in_source;control_candidate;1900-01-01;9;1900;1;0;branch_line_review;https://www.wikidata.org/wiki/Q109638340;node_934871330;7.3;1.0
wd_Q104361937;137 км;38.4891794;54.6971705;Q109646144;Q109646144;Q109646144;Ожерелье — Мшанка;МЖД;Q109646144;;;;;never_mcd_in_source;control_candidate;;0;;;0;opening_unknown;https://www.wikidata.org/wiki/Q104361937;node_3993408373;19.2;1.0
wd_Q104362702;146 км;38.5806867;54.6325258;Q109646144;Q109646144;Q109646144;Ожерелье — Мшанка;МЖД;Q109646144;;;;;never_mcd_in_source;control_candidate;;0;;;0;opening_unknown;https://www.wikidata.org/wiki/Q104362702;node_2724183930;6.5;1.0
wd_Q104364001;162 км;38.6470142;54.4961683;Q109646144;Q109646144;Q109646144;Ожерелье — Мшанка;МЖД;Q109646144;;;;;never_mcd_in_source;control_candidate;;0;;;0;opening_unknown;https://www.wikidata.org/wiki/Q104364001;node_1232338305;2.4;1.0
wd_Q18400852;Богатищево;38.528959;54.6791941;Q109646144;Q109646144;Q109646144;Ожерелье — Мшанка;МЖД;Q109646144;;;;;never_mcd_in_source;control_candidate;1900-01-01;9;1900;1;0;branch_line_review;https://www.wikidata.org/wiki/Q18400852;node_2819459401;7.6;1.0
wd_Q104364046;Дудино-Серебряное;38.6646648;54.4782302;Q109646144;Q109646144;Q109646144;Ожерелье — Мшанка;МЖД;Q109646144;;;;;never_mcd_in_source;control_candidate;;0;;;0;opening_unknown;https://www.wikidata.org/wiki/Q104364046;node_1232342049;3.3;1.0
wd_Q104361117;Колменка;38.4190027;54.7216013;Q109646144;Q109646144;Q109646144;Ожерелье — Мшанка;МЖД;Q109646144;;;;;never_mcd_in_source;control_candidate;;0;;;0;opening_unknown;https://www.wikidata.org/wiki/Q104361117;node_763172748;19.7;1.0
wd_Q104364349;Кораблёвка;38.7676261;54.3957229;Q109646144;Q109646144;Q109646144;Ожерелье — Мшанка;МЖД;Q109646144;;;;;never_mcd_in_source;control_candidate;;0;;;0;opening_unknown;https://www.wikidata.org/wiki/Q104364349;node_1232342044;7.6;1.0
wd_Q104362962;Коровино;38.5976631;54.6188848;Q109646144;Q109646144;Q109646144;Ожерелье — Мшанка;МЖД;Q109646144;;;;;never_mcd_in_source;control_candidate;;0;;;0;opening_unknown;https://www.wikidata.org/wiki/Q104362962;node_2819458110;4.1;1.0
wd_Q104363314;Новосёлки;38.6103608;54.5858825;Q109646144;Q109646144;Q109646144;Ожерелье — Мшанка;МЖД;Q109646144;;;;;never_mcd_in_source;control_candidate;;0;;;0;opening_unknown;https://www.wikidata.org/wiki/Q104363314;node_1232338310;1.2;1.0
wd_Q18408758;Пурлово;38.3835719;54.7319833;Q109646144;Q109646144;Q109646144;Ожерелье — Мшанка;МЖД;Q109646144;;;;;never_mcd_in_source;control_candidate;1900-01-01;9;1900;1;0;branch_line_review;https://www.wikidata.org/wiki/Q18408758;node_3993508713;10.8;1.0
wd_Q4417412;Серебряные Пруды;38.7232983;54.4586099;Q109646144;Q109646144;Q109646144;Ожерелье — Мшанка;МЖД;Q109646144;;;;;never_mcd_in_source;control_candidate;1900-01-01;9;1900;1;0;branch_line_review;https://www.wikidata.org/wiki/Q4417412;node_3995048466;283.1;1.0
wd_Q104361181;Топканово;38.4736513;54.7072548;Q109646144;Q109646144;Q109646144;Ожерелье — Мшанка;МЖД;Q109646144;;;;;never_mcd_in_source;control_candidate;;0;;;0;opening_unknown;https://www.wikidata.org/wiki/Q104361181;node_3993408368;4.1;1.0
wd_Q4159410;Детская;37.9619456;55.9681495;Q109746531;Q109746531;Q109746531;Подлипки — Фрязино;МЖД;Q109746531;;;;;never_mcd_in_source;control_candidate;1946-01-01;9;1946;1;1;analysis_control_branch;https://www.wikidata.org/wiki/Q4159410;node_2750740151;5.6;1.0
wd_Q4190784;Зелёный Бор;37.8786755;55.9629458;Q109746531;Q109746531;Q109746531;Подлипки — Фрязино;МЖД;Q109746531;;;;;never_mcd_in_source;control_candidate;1951-01-01;9;1951;1;1;analysis_control_branch;https://www.wikidata.org/wiki/Q4190784;node_7880631948;18.6;1.0
wd_Q4196817;Ивантеевка;37.9392342;55.9648192;Q109746531;Q109746531;Q109746531;Подлипки — Фрязино;МЖД;Q109746531;;;;;never_mcd_in_source;control_candidate;1967-01-01;9;1967;1;1;analysis_control_branch;https://www.wikidata.org/wiki/Q4196817;node_321662941;1.9;1.0
wd_Q4196810;Ивантеевка-2;37.9079497;55.9617772;Q109746531;Q109746531;Q109746531;Подлипки — Фрязино;МЖД;Q109746531;;;;;never_mcd_in_source;control_candidate;1988-01-01;9;1988;1;1;analysis_control_branch;https://www.wikidata.org/wiki/Q4196810;node_6418845805;18.1;1.0
wd_Q4480313;Фабрика 1 мая;37.8613613;55.9465034;Q109746531;Q109746531;Q109746531;Подлипки — Фрязино;МЖД;Q109746531;;;;;never_mcd_in_source;control_candidate;1898-01-01;9;1898;1;1;analysis_control_branch;https://www.wikidata.org/wiki/Q4480313;node_11200678682;5.4;1.0
wd_Q4493177;Фрязино-Пассажирская;38.0441459;55.9634064;Q109746531;Q109746531;Q109746531;Подлипки — Фрязино;МЖД;Q109746531;;;;;never_mcd_in_source;control_candidate;1960-01-01;8;1960;1;1;analysis_control_branch;https://www.wikidata.org/wiki/Q4493177;node_11200678676;4.1;1.0
wd_Q4493176;Фрязино-Товарная;38.0304026;55.9634191;Q109746531;Q109746531;Q109746531;Подлипки — Фрязино;МЖД;Q109746531;;;;;never_mcd_in_source;control_candidate;1949-01-01;9;1949;1;1;analysis_control_branch;https://www.wikidata.org/wiki/Q4493176;node_316103455;13.4;1.0
wd_Q4238240;Красноармейск;38.1359677;56.1088758;Q109746679;Q109746679;Q109746679;Софрино — Красноармейск;МЖД;Q109746679;;;;;never_mcd_in_source;control_candidate;1956-01-01;9;1956;1;1;analysis_control_branch;https://www.wikidata.org/wiki/Q4238240;node_8372575397;16.7;1.0
wd_Q4374419;Посёлок Дальний;37.9580051;56.1416636;Q109746679;Q109746679;Q109746679;Софрино — Красноармейск;МЖД;Q109746679;;;;;never_mcd_in_source;control_candidate;1993-01-01;9;1993;1;1;analysis_control_branch;https://www.wikidata.org/wiki/Q4374419;node_11242187736;2.8;1.0
wd_Q16689647;Путилово;38.0947112;56.1158401;Q109746679;Q109746679;Q109746679;Софрино — Красноармейск;МЖД;Q109746679;;;;;never_mcd_in_source;control_candidate;1956-01-01;9;1956;1;1;analysis_control_branch;https://www.wikidata.org/wiki/Q16689647;node_11242187733;31.7;1.0
wd_Q4391186;Рахманово;37.9983026;56.1440269;Q109746679;Q109746679;Q109746679;Софрино — Красноармейск;МЖД;Q109746679;;;;;never_mcd_in_source;control_candidate;1956-01-01;9;1956;1;1;analysis_control_branch;https://www.wikidata.org/wiki/Q4391186;node_11242187735;14.0;1.0
wd_Q4494181;Фёдоровское;38.0524537;56.1396514;Q109746679;Q109746679;Q109746679;Софрино — Красноармейск;МЖД;Q109746679;;;;;never_mcd_in_source;control_candidate;1995-01-01;9;1995;1;1;analysis_control_branch;https://www.wikidata.org/wiki/Q4494181;node_11242187734;43.9;1.0
wd_Q4031116;38 км;38.5393699;54.8618928;Q109746826;Q109746826;Q109746826;Голутвин — Озёры;МЖД;Q109746826;;;;;never_mcd_in_source;control_candidate;;0;;;0;opening_unknown;https://www.wikidata.org/wiki/Q4031116;node_11215983395;1.5;1.0
wd_Q4080042;Бачманово;38.7996258;55.0743441;Q109746826;Q109746826;Q109746826;Голутвин — Озёры;МЖД;Q109746826;;;;;never_mcd_in_source;control_candidate;1950-01-01;9;1950;1;0;branch_line_review;https://www.wikidata.org/wiki/Q4080042;node_268038950;5.4;1.0
wd_Q105966089;Даниловская;38.5819918;54.9464225;Q109746826;Q109746826;Q109746826;Голутвин — Озёры;МЖД;Q109746826;;;;;never_mcd_in_source;control_candidate;;0;;;0;opening_unknown;https://www.wikidata.org/wiki/Q105966089;node_11215983400;1.8;1.0
wd_Q4214288;Карасёво;38.6149863;55.0126944;Q109746826;Q109746826;Q109746826;Голутвин — Озёры;МЖД;Q109746826;;;;;never_mcd_in_source;control_candidate;1893-01-01;9;1893;1;0;branch_line_review;https://www.wikidata.org/wiki/Q4214288;node_2615881446;4.1;1.0
wd_Q105958872;Кудрявцево;38.6059792;54.9867234;Q109746826;Q109746826;Q109746826;Голутвин — Озёры;МЖД;Q109746826;;;;;never_mcd_in_source;control_candidate;;0;;;0;opening_unknown;https://www.wikidata.org/wiki/Q105958872;node_11215983401;6.5;1.0
wd_Q105947970;Лысцовская;38.6852817;55.0701683;Q109746826;Q109746826;Q109746826;Голутвин — Озёры;МЖД;Q109746826;;;;;never_mcd_in_source;control_candidate;;0;;;0;opening_unknown;https://www.wikidata.org/wiki/Q105947970;node_11215983413;13.4;1.0
wd_Q4332372;Озёры;38.5669099;54.8610665;Q109746826;Q109746826;Q109746826;Голутвин — Озёры;МЖД;Q109746826;;;;;never_mcd_in_source;control_candidate;1893-01-01;9;1893;1;0;branch_line_review;https://www.wikidata.org/wiki/Q4332372;node_1037252949;68.3;1.0
wd_Q105957501;Поселок Лесной;38.6223477;55.0312568;Q109746826;Q109746826;Q109746826;Голутвин — Озёры;МЖД;Q109746826;;;;;never_mcd_in_source;control_candidate;;0;;;0;opening_unknown;https://www.wikidata.org/wiki/Q105957501;node_11215983402;2.2;1.0
wd_Q4388832;Проезд Станкостроителей;38.7549543;55.0703317;Q109746826;Q109746826;Q109746826;Голутвин — Озёры;МЖД;Q109746826;;;;;never_mcd_in_source;control_candidate;1893-01-01;9;1893;1;0;branch_line_review;https://www.wikidata.org/wiki/Q4388832;node_617631269;4.6;1.0
wd_Q105954909;Семёновский;38.6565221;55.0618798;Q109746826;Q109746826;Q109746826;Голутвин — Озёры;МЖД;Q109746826;;;;;never_mcd_in_source;control_candidate;;0;;;0;opening_unknown;https://www.wikidata.org/wiki/Q105954909;node_11215983418;2.3;1.0
wd_Q60852614;Сычёво;38.7259772;55.0644341;Q109746826;Q109746826;Q109746826;Голутвин — Озёры;МЖД;Q109746826;;;;;never_mcd_in_source;control_candidate;;0;;;0;opening_unknown;https://www.wikidata.org/wiki/Q60852614;node_11215983403;0.5;1.0
wd_Q105968897;Холмы;38.5561001;54.9243903;Q109746826;Q109746826;Q109746826;Голутвин — Озёры;МЖД;Q109746826;;;;;never_mcd_in_source;control_candidate;;0;;;0;opening_unknown;https://www.wikidata.org/wiki/Q105968897;node_11215983399;2.2;1.0
wd_Q4523105;Аэропорт Шереметьево;37.4174985;55.9641001;Q116136398;Q116136398;Q116136398;Шереметьевская — Аэропорт Шереметьево;МЖД;Q116136398;;;;;never_mcd_in_source;control_candidate;2008-06-10;11;2008;1;0;branch_line_review;https://www.wikidata.org/wiki/Q4523105;node_283596980;7.3;0.71
wd_Q112735245;Аэропорт Шереметьево-Северное;37.414128;55.9822846;Q116136398;Q116136398;Q116136398;Шереметьевская — Аэропорт Шереметьево;МЖД;Q116136398;;;;;never_mcd_in_source;control_candidate;2022-06-01;11;2022;0;0;opened_after_baseline;https://www.wikidata.org/wiki/Q112735245;node_9815064397;20.3;0.76
wd_Q4076465;Балашиха;37.9484564;55.8095473;Q123080970;Q123080970;Q123080970;Реутов – Балашиха;МЖД;Q123080970;;;;;never_mcd_in_source;control_candidate;1912-01-01;9;1912;1;1;analysis_control_branch;https://www.wikidata.org/wiki/Q4076465;node_10923864099;60.0;1.0
wd_Q4144082;Горенки;37.9188032;55.8056979;Q123080970;Q123080970;Q123080970;Реутов – Балашиха;МЖД;Q123080970;;;;;never_mcd_in_source;control_candidate;1935-01-01;9;1935;1;1;analysis_control_branch;https://www.wikidata.org/wiki/Q4144082;node_10712227612;21.2;1.0
wd_Q4444171;Стройка;37.8628505;55.780069;Q123080970;Q123080970;Q123080970;Реутов – Балашиха;МЖД;Q123080970;;;;;never_mcd_in_source;control_candidate;1935-01-01;9;1935;1;1;analysis_control_branch;https://www.wikidata.org/wiki/Q4444171;node_258669700;15.0;1.0
wd_Q4160795;Дзержинская;37.841833333;55.629194444;Q123238370;Q123238370;Q123238370;линия Панки - Дзержинский;МЖД;Q123238370;;;;;never_mcd_in_source;control_candidate;1946-01-01;9;1946;1;0;branch_line_review;https://www.wikidata.org/wiki/Q4160795;;;
wd_Q4279597;Мальчики;37.9028611;55.6738379;Q123238370;Q123238370;Q123238370;линия Панки - Дзержинский;МЖД;Q123238370;;;;;never_mcd_in_source;control_candidate;1940-01-01;9;1940;1;0;branch_line_review;https://www.wikidata.org/wiki/Q4279597;node_3625226778;11.2;1.0
wd_Q4538080;Яничкино;37.8596249;55.6534701;Q123238370;Q123238370;Q123238370;линия Панки - Дзержинский;МЖД;Q123238370;;;;;never_mcd_in_source;control_candidate;1940-01-01;9;1940;1;0;branch_line_review;https://www.wikidata.org/wiki/Q4538080;node_267772268;32.8;1.0
wd_Q4188753;Захарово;36.9761664;55.6470099;Q16651550;Q16651550;Q16651550;Железнодорожная ветка Голицыно — Звенигород;МЖД;Q16651550;;;;;never_mcd_in_source;control_candidate;1933-01-01;9;1933;1;1;analysis_control_branch;https://www.wikidata.org/wiki/Q4188753;node_11217675321;31.0;1.0
wd_Q4189461;Звенигород;36.8793818;55.70026;Q16651550;Q16651550;Q16651550;Железнодорожная ветка Голицыно — Звенигород;МЖД;Q16651550;;;;;never_mcd_in_source;control_candidate;1925-01-01;9;1925;1;1;analysis_control_branch;https://www.wikidata.org/wiki/Q4189461;node_253334673;46.3;1.0
wd_Q4422368;Скоротово;36.9140404;55.6786185;Q16651550;Q16651550;Q16651550;Железнодорожная ветка Голицыно — Звенигород;МЖД;Q16651550;;;;;never_mcd_in_source;control_candidate;1951-01-01;9;1951;1;1;analysis_control_branch;https://www.wikidata.org/wiki/Q4422368;node_11217675307;50.2;1.0
wd_Q4498324;Хлюпино;36.9629484;55.6704851;Q16651550;Q16651550;Q16651550;Железнодорожная ветка Голицыно — Звенигород;МЖД;Q16651550;;;;;never_mcd_in_source;control_candidate;1926-01-01;9;1926;1;1;analysis_control_branch;https://www.wikidata.org/wiki/Q4498324;node_11217675320;25.3;1.0
wd_Q4079979;Бахчиванджи;38.0835754;55.8826727;Q19909429;Q19909429;Q19909429;Мытищи — Фрязево;МЖД;Q19909429;;;;;never_mcd_in_source;control_candidate;1956-01-01;9;1956;1;1;analysis_control_branch;https://www.wikidata.org/wiki/Q4079979;node_11223293659;27.5;1.0
wd_Q4102814;Валентиновка;37.8918596;55.9249302;Q19909429;Q19909429;Q19909429;Мытищи — Фрязево;МЖД;Q19909429;;;;;never_mcd_in_source;control_candidate;1930-01-01;9;1930;1;1;analysis_control_branch;https://www.wikidata.org/wiki/Q4102814;node_316982589;14.3;1.0
wd_Q4125737;Воронок;37.9739568;55.9191388;Q19909429;Q19909429;Q19909429;Мытищи — Фрязево;МЖД;Q19909429;;;;;never_mcd_in_source;control_candidate;1932-01-01;9;1932;1;1;analysis_control_branch;https://www.wikidata.org/wiki/Q4125737;node_316982602;13.5;1.0
wd_Q4131396;Гагаринская;38.0361096;55.9063752;Q19909429;Q19909429;Q19909429;Мытищи — Фрязево;МЖД;Q19909429;;;;;never_mcd_in_source;control_candidate;1932-01-01;9;1932;1;1;analysis_control_branch;https://www.wikidata.org/wiki/Q4131396;node_7503063463;14.0;1.0
wd_Q4183670;Загорянская;37.9160656;55.9264785;Q19909429;Q19909429;Q19909429;Мытищи — Фрязево;МЖД;Q19909429;;;;;never_mcd_in_source;control_candidate;1896-01-01;9;1896;1;1;analysis_control_branch;https://www.wikidata.org/wiki/Q4183670;node_316982591;38.0;1.0
wd_Q4218130;Кашино;38.2343845;55.8129033;Q19909429;Q19909429;Q19909429;Мытищи — Фрязево;МЖД;Q19909429;;;;;never_mcd_in_source;control_candidate;1971-01-01;9;1971;1;1;analysis_control_branch;https://www.wikidata.org/wiki/Q4218130;node_7503496975;15.7;1.0
wd_Q4228462;Колонтаево;38.2737;55.77972;Q19909429;Q19909429;Q19909429;Мытищи — Фрязево;МЖД;Q19909429;;;;;never_mcd_in_source;control_candidate;1971-01-01;9;1971;1;1;analysis_control_branch;https://www.wikidata.org/wiki/Q4228462;node_6447319935;9.7;1.0
wd_Q4259470;Лесная;38.3634451;55.7544086;Q19909429;Q19909429;Q19909429;Мытищи — Фрязево;МЖД;Q19909429;;;;;never_mcd_in_source;control_candidate;1971-01-01;9;1971;1;1;analysis_control_branch;https://www.wikidata.org/wiki/Q4259470;node_6447562798;15.9;1.0
wd_Q4301759;Монино;38.1976948;55.843453;Q19909429;Q19909429;Q19909429;Мытищи — Фрязево;МЖД;Q19909429;;;;;never_mcd_in_source;control_candidate;1929-01-01;9;1929;1;1;analysis_control_branch;https://www.wikidata.org/wiki/Q4301759;node_676636855;113.4;1.0
wd_Q4337563;Осеевская;38.1350812;55.8613736;Q19909429;Q19909429;Q19909429;Мытищи — Фрязево;МЖД;Q19909429;;;;;never_mcd_in_source;control_candidate;1932-01-01;9;1932;1;1;analysis_control_branch;https://www.wikidata.org/wiki/Q4337563;node_6447319936;5.4;1.0
wd_Q4427380;Соколовская;37.9461788;55.9271205;Q19909429;Q19909429;Q19909429;Мытищи — Фрязево;МЖД;Q19909429;;;;;never_mcd_in_source;control_candidate;1896-01-01;9;1896;1;1;analysis_control_branch;https://www.wikidata.org/wiki/Q4427380;node_316982596;8.0;1.0
wd_Q4505800;Циолковская;38.1033634;55.8702231;Q19909429;Q19909429;Q19909429;Мытищи — Фрязево;МЖД;Q19909429;;;;;never_mcd_in_source;control_candidate;1966-01-01;9;1966;1;1;analysis_control_branch;https://www.wikidata.org/wiki/Q4505800;node_6418259058;6.4;1.0
wd_Q4516883;Чкаловская;38.0625173;55.8974342;Q19909429;Q19909429;Q19909429;Мытищи — Фрязево;МЖД;Q19909429;;;;;never_mcd_in_source;control_candidate;1932-01-01;9;1932;1;1;analysis_control_branch;https://www.wikidata.org/wiki/Q4516883;node_7503127482;41.1;1.0
wd_Q4529329;Щёлково;38.0093451;55.909255;Q19909429;Q19909429;Q19909429;Мытищи — Фрязево;МЖД;Q19909429;;;;;never_mcd_in_source;control_candidate;1896-01-01;9;1896;1;1;analysis_control_branch;https://www.wikidata.org/wiki/Q4529329;node_696838947;30.2;1.0
wd_Q106832626;12 км;38.77674;54.54114;Q21639406;Q21639406;Q21639406;Узуново — Рыбное;МЖД;Q21639406;;;;;never_mcd_in_source;control_candidate;1989-01-01;9;1989;1;0;branch_line_review;https://www.wikidata.org/wiki/Q106832626;;;
wd_Q106762606;35 км;39.0499348;54.6438092;Q21639406;Q21639406;Q21639406;Узуново — Рыбное;МЖД;Q21639406;;;;;never_mcd_in_source;control_candidate;1989-01-01;9;1989;1;0;branch_line_review;https://www.wikidata.org/wiki/Q106762606;node_1908953008;2.5;1.0
wd_Q4223296;Клемово;38.7472832;54.5391041;Q21639406;Q21639406;Q21639406;Узуново — Рыбное;МЖД;Q21639406;;;;;never_mcd_in_source;control_candidate;1989-01-01;9;1989;1;0;branch_line_review;https://www.wikidata.org/wiki/Q4223296;node_1915811736;0.5;1.0
wd_Q106671761;Латыгоры;39.23055;54.7087116;Q21639406;Q21639406;Q21639406;Узуново — Рыбное;МЖД;Q21639406;;;;;never_mcd_in_source;control_candidate;1989-01-01;9;1989;1;0;branch_line_review;https://www.wikidata.org/wiki/Q106671761;node_1914955394;2.0;1.0
wd_Q16672216;Лошатовка;38.820956;54.5713117;Q21639406;Q21639406;Q21639406;Узуново — Рыбное;МЖД;Q21639406;;;;;never_mcd_in_source;control_candidate;1989-01-01;9;1989;1;0;branch_line_review;https://www.wikidata.org/wiki/Q16672216;node_305897805;4.5;1.0
wd_Q4275680;Макеево-Московское;39.1373445;54.6631837;Q21639406;Q21639406;Q21639406;Узуново — Рыбное;МЖД;Q21639406;;;;;never_mcd_in_source;control_candidate;1989-05-01;10;1989;1;0;branch_line_review;https://www.wikidata.org/wiki/Q4275680;node_2016456334;2.7;1.0
wd_Q4320386;Николаевка;37.6434145;55.7936401;Q21641706;Q21641706;Q21641706;Митьковская соединительная ветвь;МЖД;Q21641706;;;;;never_mcd_in_source;control_candidate;1863-01-01;9;1863;1;0;branch_line_review;https://www.wikidata.org/wiki/Q4320386;node_1467468087;125.0;1.0
wd_Q23673559;Автозаводская;37.6631393;55.7063123;Q22117593;Q22117593;Q22117593;Московская кольцевая железная дорога;МЖД;Q22117593;;;;;never_mcd_in_source;control_candidate;2016-09-10;11;2016;0;0;opened_after_baseline;https://www.wikidata.org/wiki/Q23673559;node_4379061166;48.2;1.0
wd_Q27138887;Андроновка;37.7377294;55.7470515;Q22117593;Q22117593;Q22117593;Московская кольцевая железная дорога;МЖД;Q22117593;;;;;never_mcd_in_source;control_candidate;2016-09-10;11;2016;0;0;opened_after_baseline;https://www.wikidata.org/wiki/Q27138887;node_4379061167;18.7;1.0
wd_Q4066026;Андроновка;37.7330367;55.7411038;Q22117593;Q22117593;Q22117593;Московская кольцевая железная дорога;МЖД;Q22117593;;;;;never_mcd_in_source;control_candidate;1908-01-01;9;1908;1;0;branch_line_review;https://www.wikidata.org/wiki/Q4066026;node_3609204449;88.4;1.0
wd_Q21637184;Балтийская;37.4964047;55.825887;Q22117593;Q22117593;Q22117593;Московская кольцевая железная дорога;МЖД;Q22117593;;;;;never_mcd_in_source;control_candidate;2016-09-10;11;2016;0;0;opened_after_baseline;https://www.wikidata.org/wiki/Q21637184;node_4409542907;19.3;1.0
wd_Q26857978;Белокаменная;37.7024844;55.8293089;Q22117593;Q22117593;Q22117593;Московская кольцевая железная дорога;МЖД;Q22117593;;;;;never_mcd_in_source;control_candidate;2016-09-10;11;2016;0;0;shared_osm_stop;https://www.wikidata.org/wiki/Q26857978;node_4397879996;69.5;1.0
wd_Q4082499;Белокаменная;37.7024844;55.8293089;Q22117593;Q22117593;Q22117593;Московская кольцевая железная дорога;МЖД;Q22117593;;;;;never_mcd_in_source;control_candidate;1908-01-01;9;1908;1;0;shared_osm_stop;https://www.wikidata.org/wiki/Q4082499;node_4397879996;83.8;1.0
wd_Q23673561;Ботанический сад;37.6396733;55.8455497;Q22117593;Q22117593;Q22117593;Московская кольцевая железная дорога;МЖД;Q22117593;;;;;never_mcd_in_source;control_candidate;2016-09-10;11;2016;0;0;opened_after_baseline;https://www.wikidata.org/wiki/Q23673561;node_4379061169;8.4;1.0
wd_Q23673578;Бульвар Рокоссовского;37.7373556;55.8170453;Q22117593;Q22117593;Q22117593;Московская кольцевая железная дорога;МЖД;Q22117593;;;;;never_mcd_in_source;control_candidate;2016-09-10;11;2016;0;0;opened_after_baseline;https://www.wikidata.org/wiki/Q23673578;node_4739808708;32.2;1.0
wd_Q23673587;Верхние Котлы;37.6188659;55.6901311;Q22117593;Q22117593;Q22117593;Московская кольцевая железная дорога;МЖД;Q22117593;;;;;never_mcd_in_source;control_candidate;2016-09-10;11;2016;0;0;opened_after_baseline;https://www.wikidata.org/wiki/Q23673587;node_4379061170;32.5;1.0
wd_Q26857931;Владыкино;37.5926865;55.8473279;Q22117593;Q22117593;Q22117593;Московская кольцевая железная дорога;МЖД;Q22117593;;;;;never_mcd_in_source;control_candidate;2016-09-10;11;2016;0;0;opened_after_baseline;https://www.wikidata.org/wiki/Q26857931;node_4379061171;9.7;1.0
wd_Q4113375;Владыкино-Московское;37.5962705;55.847279;Q22117593;Q22117593;Q22117593;Московская кольцевая железная дорога;МЖД;Q22117593;;;;;never_mcd_in_source;control_candidate;1908-01-01;9;1908;1;0;branch_line_review;https://www.wikidata.org/wiki/Q4113375;node_1062474614;302.2;1.0
wd_Q23673566;Дубровка;37.6777959;55.7126812;Q22117593;Q22117593;Q22117593;Московская кольцевая железная дорога;МЖД;Q22117593;;;;;never_mcd_in_source;control_candidate;2016-10-11;11;2016;0;0;opened_after_baseline;https://www.wikidata.org/wiki/Q23673566;node_4488251068;12.0;1.0
wd_Q23840856;ЗИЛ;37.6475538;55.697877;Q22117593;Q22117593;Q22117593;Московская кольцевая железная дорога;МЖД;Q22117593;;;;;never_mcd_in_source;control_candidate;2016-09-10;11;2016;0;0;opened_after_baseline;https://www.wikidata.org/wiki/Q23840856;node_4833137665;16.2;1.0
wd_Q23644362;Зорге;37.5043625;55.7884942;Q22117593;Q22117593;Q22117593;Московская кольцевая железная дорога;МЖД;Q22117593;;;;;never_mcd_in_source;control_candidate;2016-11-04;11;2016;0;0;opened_after_baseline;https://www.wikidata.org/wiki/Q23644362;node_4379061173;79.9;1.0
wd_Q23673568;Измайлово;37.743213;55.7897913;Q22117593;Q22117593;Q22117593;Московская кольцевая железная дорога;МЖД;Q22117593;;;;;never_mcd_in_source;control_candidate;2016-09-10;11;2016;0;0;opened_after_baseline;https://www.wikidata.org/wiki/Q23673568;node_4379061174;13.7;1.0
wd_Q4226434;Кожухово;37.6512864;55.699905;Q22117593;Q22117593;Q22117593;Московская кольцевая железная дорога;МЖД;Q22117593;;;;;never_mcd_in_source;control_candidate;1908-01-01;9;1908;1;0;branch_line_review;https://www.wikidata.org/wiki/Q4226434;node_220196839;26.1;1.0
wd_Q21640493;Коптево;37.5201074;55.8396193;Q22117593;Q22117593;Q22117593;Московская кольцевая железная дорога;МЖД;Q22117593;;;;;never_mcd_in_source;control_candidate;2016-11-01;11;2016;0;0;opened_after_baseline;https://www.wikidata.org/wiki/Q21640493;node_4379061176;3.4;1.0
wd_Q23673580;Крымская;37.6057607;55.6898387;Q22117593;Q22117593;Q22117593;Московская кольцевая железная дорога;МЖД;Q22117593;;;;;never_mcd_in_source;control_candidate;2016-09-10;11;2016;0;0;opened_after_baseline;https://www.wikidata.org/wiki/Q23673580;node_4379061177;58.9;1.0
wd_Q26858006;Кутузово;37.5340531;55.7399173;Q22117593;Q22117593;Q22117593;Московская кольцевая железная дорога;МЖД;Q22117593;;;;;never_mcd_in_source;control_candidate;1908-01-01;9;1908;1;0;shared_osm_stop;https://www.wikidata.org/wiki/Q26858006;node_4379061178;102.2;0.74
wd_Q4249639;Кутузовская;37.5340531;55.7399173;Q22117593;Q22117593;Q22117593;Московская кольцевая железная дорога;МЖД;Q22117593;;;;;never_mcd_in_source;control_candidate;2016-09-10;11;2016;0;0;shared_osm_stop;https://www.wikidata.org/wiki/Q4249639;node_4379061178;142.4;1.0
wd_Q25688516;Лихоборы;37.5514638;55.8471565;Q22117593;Q22117593;Q22117593;Московская кольцевая железная дорога;МЖД;Q22117593;;;;;never_mcd_in_source;control_candidate;2016-09-10;11;2016;0;0;opened_after_baseline;https://www.wikidata.org/wiki/Q25688516;node_4379061179;8.7;1.0
wd_Q4513189;Локомотив;37.7460075;55.8041325;Q22117593;Q22117593;Q22117593;Московская кольцевая железная дорога;МЖД;Q22117593;;;;;never_mcd_in_source;control_candidate;2016-09-10;11;2016;0;0;opened_after_baseline;https://www.wikidata.org/wiki/Q4513189;node_4833122335;50.7;1.0
wd_Q22687448;Лужники;37.5613109;55.7206173;Q22117593;Q22117593;Q22117593;Московская кольцевая железная дорога;МЖД;Q22117593;;;;;never_mcd_in_source;control_candidate;2016-09-10;11;2016;0;0;opened_after_baseline;https://www.wikidata.org/wiki/Q22687448;node_4379061181;116.1;1.0
wd_Q23525317;Москва-Сити;37.5320101;55.7475564;Q22117593;Q22117593;Q22117593;Московская кольцевая железная дорога;МЖД;Q22117593;;;;;never_mcd_in_source;control_candidate;2016-09-10;11;2016;0;0;opened_after_baseline;https://www.wikidata.org/wiki/Q23525317;node_4379061172;39.5;1.0
wd_Q23564382;Нижегородская;37.7281427;55.7321929;Q22117593;Q22117593;Q22117593;Московская кольцевая железная дорога;МЖД;Q22117593;;;;;never_mcd_in_source;control_candidate;2016-09-10;11;2016;0;0;opened_after_baseline;https://www.wikidata.org/wiki/Q23564382;node_4833126188;19.5;1.0
wd_Q22915363;Новохохловская;37.7168875;55.7241462;Q22117593;Q22117593;Q22117593;Московская кольцевая железная дорога;МЖД;Q22117593;;;;;never_mcd_in_source;control_candidate;2016-01-01;9;2016;0;0;opened_after_baseline;https://www.wikidata.org/wiki/Q22915363;node_4833132227;15.4;1.0
wd_Q25713183;Окружная;37.5711327;55.8489281;Q22117593;Q22117593;Q22117593;Московская кольцевая железная дорога;МЖД;Q22117593;;;;;never_mcd_in_source;control_candidate;2016-09-10;11;2016;0;0;opened_after_baseline;https://www.wikidata.org/wiki/Q25713183;node_4379061183;7.2;1.0
wd_Q4333042;Октябрьские казармы;37.5361;55.775;Q22117593;Q22117593;Q22117593;Московская кольцевая железная дорога;МЖД;Q22117593;;;;;never_mcd_in_source;control_candidate;1908-01-01;9;1908;1;0;branch_line_review;https://www.wikidata.org/wiki/Q4333042;;;
wd_Q23540827;Панфиловская;37.4990272;55.7990098;Q22117593;Q22117593;Q22117593;Московская кольцевая железная дорога;МЖД;Q22117593;;;;;never_mcd_in_source;control_candidate;2016-11-08;11;2016;0;0;opened_after_baseline;https://www.wikidata.org/wiki/Q23540827;node_4379061184;19.5;1.0
wd_Q4365527;Площадь Гагарина;37.586394;55.7069666;Q22117593;Q22117593;Q22117593;Московская кольцевая железная дорога;МЖД;Q22117593;;;;;never_mcd_in_source;control_candidate;2016-09-10;11;2016;0;0;opened_after_baseline;https://www.wikidata.org/wiki/Q4365527;node_4379061185;70.9;1.0
wd_Q23673570;Ростокино;37.6668443;55.839644;Q22117593;Q22117593;Q22117593;Московская кольцевая железная дорога;МЖД;Q22117593;;;;;never_mcd_in_source;control_candidate;2016-09-10;11;2016;0;0;opened_after_baseline;https://www.wikidata.org/wiki/Q23673570;node_3058911918;108.8;1.0
wd_Q4417429;Серебряный Бор;37.4954545;55.8031708;Q22117593;Q22117593;Q22117593;Московская кольцевая железная дорога;МЖД;Q22117593;;;;;never_mcd_in_source;control_candidate;1908-01-01;9;1908;1;0;branch_line_review;https://www.wikidata.org/wiki/Q4417429;node_1062487275;138.6;1.0
wd_Q23673584;Соколиная Гора;37.7450661;55.7713304;Q22117593;Q22117593;Q22117593;Московская кольцевая железная дорога;МЖД;Q22117593;;;;;never_mcd_in_source;control_candidate;2016-10-11;11;2016;0;0;opened_after_baseline;https://www.wikidata.org/wiki/Q23673584;node_4379061187;13.4;1.0
wd_Q21195520;Стрешнево;37.4869799;55.8137004;Q22117593;Q22117593;Q22117593;Московская кольцевая железная дорога;МЖД;Q22117593;;;;;never_mcd_in_source;control_candidate;2016-09-10;11;2016;0;0;opened_after_baseline;https://www.wikidata.org/wiki/Q21195520;node_4379061188;10.2;1.0
wd_Q23673589;Угрешская;37.6977066;55.7184497;Q22117593;Q22117593;Q22117593;Московская кольцевая железная дорога;МЖД;Q22117593;;;;;never_mcd_in_source;control_candidate;2016-09-10;11;2016;0;0;opened_after_baseline;https://www.wikidata.org/wiki/Q23673589;node_4379061589;11.8;1.0
wd_Q23673563;Хорошёво;37.507379;55.7771437;Q22117593;Q22117593;Q22117593;Московская кольцевая железная дорога;МЖД;Q22117593;;;;;never_mcd_in_source;control_candidate;2016-09-10;11;2016;0;0;opened_after_baseline;https://www.wikidata.org/wiki/Q23673563;node_4833096162;13.2;1.0
wd_Q26849010;Черкизово;37.7466848;55.8030155;Q22117593;Q22117593;Q22117593;Московская кольцевая железная дорога;МЖД;Q22117593;;;;;never_mcd_in_source;control_candidate;1908-01-01;9;1908;1;0;branch_line_review;https://www.wikidata.org/wiki/Q26849010;node_54626031;103.6;1.0
wd_Q23673582;Шелепиха;37.525668;55.7573064;Q22117593;Q22117593;Q22117593;Московская кольцевая железная дорога;МЖД;Q22117593;;;;;never_mcd_in_source;control_candidate;2016-09-10;11;2016;0;0;opened_after_baseline;https://www.wikidata.org/wiki/Q23673582;node_4379061590;17.2;1.0
wd_Q26857851;Шоссе Энтузиастов;37.7460379;55.7589041;Q22117593;Q22117593;Q22117593;Московская кольцевая железная дорога;МЖД;Q22117593;;;;;never_mcd_in_source;control_candidate;2016-09-10;11;2016;0;0;opened_after_baseline;https://www.wikidata.org/wiki/Q26857851;node_4375793533;16.5;1.0
wd_Q800977;Москва-Каланчёвская;37.64522;55.78622;Q4061877;Q4061877;Q4061877;Алексеевская соединительная линия;МЖД;Q4061877;;D2|D4;2019-11-21;2019-11-21;line_launch;treated;1865-01-01;9;1865;1;0;multiple_mcd_lines;https://www.wikidata.org/wiki/Q800977;;;
wd_Q113451260;Площадь Трёх Вокзалов;37.651616;55.7762216;Q4061877;Q4061877;Q4061877;Алексеевская соединительная линия;МЖД;Q4061877;;D2|D4;2019-11-21;2019-11-21;line_launch;treated;1865-01-01;9;1865;1;0;multiple_mcd_lines;https://www.wikidata.org/wiki/Q113451260;node_6986103158;58.8;1.0
wd_Q4394204;Рижская;37.6406432;55.7925798;Q4061877;Q4061877;Q4061877;Алексеевская соединительная линия;МЖД;Q4061877;;D2|D4;2019-11-21;2019-11-21;line_launch;treated;1949-01-01;9;1949;1;0;shared_osm_stop;https://www.wikidata.org/wiki/Q4394204;node_316697751;193.6;1.0
wd_Q4160793;Дзержинская;37.663055555;55.855277777;Q4085653;Q4085653;Q4085653;Бескудниковская ветка;МЖД;Q4085653;;;;;never_mcd_in_source;control_candidate;1949-01-01;9;1949;1;0;branch_line_review;https://www.wikidata.org/wiki/Q4160793;;;
wd_Q4339984;Отрадное;37.623611111;55.857777777;Q4085653;Q4085653;Q4085653;Бескудниковская ветка;МЖД;Q4085653;;;;;never_mcd_in_source;control_candidate;1948-01-01;9;1948;1;0;branch_line_review;https://www.wikidata.org/wiki/Q4339984;;;
wd_Q4423686;Слободка;37.587222222;55.869444444;Q4085653;Q4085653;Q4085653;Бескудниковская ветка;МЖД;Q4085653;;;;;never_mcd_in_source;control_candidate;1948-01-01;9;1948;1;0;branch_line_review;https://www.wikidata.org/wiki/Q4423686;;;
wd_Q109289349;15 км;39.6715782;55.4542662;Q4178812;Q4178812;Q4178812;Кривандино — Рязановка;МЖД;Q4178812;;;;;never_mcd_in_source;control_candidate;;0;;;0;opening_unknown;https://www.wikidata.org/wiki/Q109289349;node_3783534753;21.3;1.0
wd_Q107400890;Пожога;39.6733578;55.4005901;Q4178812;Q4178812;Q4178812;Кривандино — Рязановка;МЖД;Q4178812;;;;;never_mcd_in_source;control_candidate;1944-01-01;9;1944;1;0;branch_line_review;https://www.wikidata.org/wiki/Q107400890;node_523300555;3.4;1.0
wd_Q19911027;Рязановка;39.5570362;55.1461246;Q4178812;Q4178812;Q4178812;Кривандино — Рязановка;МЖД;Q4178812;;;;;never_mcd_in_source;control_candidate;1932-01-01;9;1932;1;0;branch_line_review;https://www.wikidata.org/wiki/Q19911027;node_11211041122;4.9;1.0
wd_Q4028724;133 км;35.8290833;55.9959909;RIZHSKOE;RIZHSKOE;RIZHSKOE;Рижское;МЖД;Q4394582;;;;;never_mcd_in_source;control_candidate;2006-01-01;9;2006;1;0;mcd_corridor_service_uncertain;https://www.wikidata.org/wiki/Q4028724;node_1232383994;5.8;1.0
wd_Q4031679;50 км;36.9685493;55.8963427;RIZHSKOE;RIZHSKOE;RIZHSKOE;Рижское;МЖД;Q4394582;;;;;never_mcd_in_source;control_candidate;1984-01-01;9;1984;1;0;mcd_corridor_service_uncertain;https://www.wikidata.org/wiki/Q4031679;node_335670071;29.1;1.0
wd_Q4032328;73 км;36.6449063;55.9396463;RIZHSKOE;RIZHSKOE;RIZHSKOE;Рижское;МЖД;Q4394582;;;;;never_mcd_in_source;control_candidate;;0;;;0;mcd_corridor_service_uncertain;https://www.wikidata.org/wiki/Q4032328;node_1994609879;7.1;1.0
wd_Q28667704;91 км;36.4109187;55.9913518;RIZHSKOE;RIZHSKOE;RIZHSKOE;Рижское;МЖД;Q4394582;;;;;never_mcd_in_source;control_candidate;1983-01-01;9;1983;1;0;mcd_corridor_service_uncertain;https://www.wikidata.org/wiki/Q28667704;node_1994609889;5.2;1.0
wd_Q14927617;Благовещенское;35.7863201;55.9941198;RIZHSKOE;RIZHSKOE;RIZHSKOE;Рижское;МЖД;Q4394582;;;;;never_mcd_in_source;control_candidate;1936-01-01;9;1936;1;0;mcd_corridor_service_uncertain;https://www.wikidata.org/wiki/Q14927617;node_1843632054;49.5;1.0
wd_Q4100541;Бухолово;35.6446479;56.0102064;RIZHSKOE;RIZHSKOE;RIZHSKOE;Рижское;МЖД;Q4394582;;;;;never_mcd_in_source;control_candidate;1903-01-01;9;1903;1;0;mcd_corridor_service_uncertain;https://www.wikidata.org/wiki/Q4100541;node_7616392240;343.3;1.0
wd_Q4123858;Волоколамск;35.9361958;55.9936818;RIZHSKOE;RIZHSKOE;RIZHSKOE;Рижское;МЖД;Q4394582;;;;;never_mcd_in_source;control_candidate;1901-01-01;9;1901;1;0;mcd_corridor_service_uncertain;https://www.wikidata.org/wiki/Q4123858;node_1994609599;16.5;1.0
wd_Q4156754;Дедовск;37.1256813;55.8667313;RIZHSKOE;RIZHSKOE;RIZHSKOE;Рижское;МЖД;Q4394582;;;;;never_mcd_in_source;control_candidate;1906-01-01;9;1906;1;0;mcd_corridor_service_uncertain;https://www.wikidata.org/wiki/Q4156754;node_2001755273;11.9;1.0
wd_Q4169558;Дубосеково;36.0394205;55.9786358;RIZHSKOE;RIZHSKOE;RIZHSKOE;Рижское;МЖД;Q4394582;;;;;never_mcd_in_source;control_candidate;1941-01-01;9;1941;1;0;mcd_corridor_service_uncertain;https://www.wikidata.org/wiki/Q4169558;node_1994609620;82.2;1.0
wd_Q4205108;Истра;36.8559996;55.9039779;RIZHSKOE;RIZHSKOE;RIZHSKOE;Рижское;МЖД;Q4394582;;;;;never_mcd_in_source;control_candidate;1901-01-01;9;1901;1;0;mcd_corridor_service_uncertain;https://www.wikidata.org/wiki/Q4205108;node_4450704356;0.6;1.0
wd_Q4248807;Курсаковская;36.5705414;55.9622187;RIZHSKOE;RIZHSKOE;RIZHSKOE;Рижское;МЖД;Q4394582;;;;;never_mcd_in_source;control_candidate;1964-01-01;9;1964;1;0;mcd_corridor_service_uncertain;https://www.wikidata.org/wiki/Q4248807;node_1994609650;3.3;1.0
wd_Q4259885;Лесодолгоруково;36.3385237;56.0107807;RIZHSKOE;RIZHSKOE;RIZHSKOE;Рижское;МЖД;Q4394582;;;;;never_mcd_in_source;control_candidate;1901-01-01;9;1901;1;0;mcd_corridor_service_uncertain;https://www.wikidata.org/wiki/Q4259885;node_335662711;120.5;1.0
wd_Q4277908;Малиновка;37.1553863;55.8550943;RIZHSKOE;RIZHSKOE;RIZHSKOE;Рижское;МЖД;Q4394582;;;;;never_mcd_in_source;control_candidate;1966-01-01;9;1966;1;0;mcd_corridor_service_uncertain;https://www.wikidata.org/wiki/Q4277908;node_1267446918;14.9;1.0
wd_Q68263695;Марьина Роща;37.6193029;55.8009917;RIZHSKOE;RIZHSKOE;RIZHSKOE;Рижское;МЖД;Q4394582;;D2|D4;2023-03-02;2019-11-21;station_opening_day;treated;2023-03-02;11;2023;0;0;multiple_mcd_lines;https://www.wikidata.org/wiki/Q68263695;node_10706343979;34.8;1.0
wd_Q16674812;Матрёнино;36.216287;56.018332;RIZHSKOE;RIZHSKOE;RIZHSKOE;Рижское;МЖД;Q4394582;;;;;never_mcd_in_source;control_candidate;1903-01-01;9;1903;1;0;mcd_corridor_service_uncertain;https://www.wikidata.org/wiki/Q16674812;;;
wd_Q4292934;Миитовская;37.1035725;55.8744135;RIZHSKOE;RIZHSKOE;RIZHSKOE;Рижское;МЖД;Q4394582;;;;;never_mcd_in_source;control_candidate;1966-01-01;9;1966;1;0;mcd_corridor_service_uncertain;https://www.wikidata.org/wiki/Q4292934;node_1994609671;11.5;1.0
wd_Q16271850;Москвич;35.7085892;56.0063381;RIZHSKOE;RIZHSKOE;RIZHSKOE;Рижское;МЖД;Q4394582;;;;;never_mcd_in_source;control_candidate;1991-01-01;9;1991;1;0;mcd_corridor_service_uncertain;https://www.wikidata.org/wiki/Q16271850;node_11195445329;4.6;1.0
wd_Q4324112;Новоиерусалимская;36.8225052;55.9116992;RIZHSKOE;RIZHSKOE;RIZHSKOE;Рижское;МЖД;Q4394582;;;;;never_mcd_in_source;control_candidate;1901-01-01;9;1901;1;0;mcd_corridor_service_uncertain;https://www.wikidata.org/wiki/Q4324112;node_1994609541;10.7;1.0
wd_Q4324918;Новопетровская;36.4720664;55.9964103;RIZHSKOE;RIZHSKOE;RIZHSKOE;Рижское;МЖД;Q4394582;;;;;never_mcd_in_source;control_candidate;1964-01-01;9;1964;1;0;mcd_corridor_service_uncertain;https://www.wikidata.org/wiki/Q4324918;node_1987887001;7.0;1.0
wd_Q16484826;Подмосковные Дачи;35.5866989;56.0224999;RIZHSKOE;RIZHSKOE;RIZHSKOE;Рижское;МЖД;Q4394582;;;;;never_mcd_in_source;control_candidate;1990-01-01;9;1990;1;0;mcd_corridor_service_uncertain;https://www.wikidata.org/wiki/Q16484826;node_11195445331;19.7;1.0
wd_Q117779887;Подъездной путь фабрики Свобода;37.5741;55.8041;RIZHSKOE;RIZHSKOE;RIZHSKOE;Рижское;МЖД;Q4394582;;;;;never_mcd_in_source;control_candidate;;0;;;0;mcd_corridor_service_uncertain;https://www.wikidata.org/wiki/Q117779887;;;
wd_Q1473982;Рижский вокзал;37.6325;55.792777777;RIZHSKOE;RIZHSKOE;RIZHSKOE;Рижское;МЖД;Q4394582;;;;;never_mcd_in_source;control_candidate;1901-01-01;9;1901;1;0;mcd_corridor_service_uncertain;https://www.wikidata.org/wiki/Q1473982;;;
wd_Q4400098;Румянцево;36.541646;55.973507;RIZHSKOE;RIZHSKOE;RIZHSKOE;Рижское;МЖД;Q4394582;;;;;never_mcd_in_source;control_candidate;1901-01-01;9;1901;1;0;mcd_corridor_service_uncertain;https://www.wikidata.org/wiki/Q4400098;node_1987887004;15.4;1.0
wd_Q4425406;Снегири;37.0382393;55.8801086;RIZHSKOE;RIZHSKOE;RIZHSKOE;Рижское;МЖД;Q4394582;;;;;never_mcd_in_source;control_candidate;1903-01-01;9;1903;1;0;mcd_corridor_service_uncertain;https://www.wikidata.org/wiki/Q4425406;node_1994609542;4.6;1.0
wd_Q4463428;Троицкая;36.9009936;55.8861918;RIZHSKOE;RIZHSKOE;RIZHSKOE;Рижское;МЖД;Q4394582;;;;;never_mcd_in_source;control_candidate;1968-01-01;9;1968;1;0;mcd_corridor_service_uncertain;https://www.wikidata.org/wiki/Q4463428;node_1994609824;19.2;1.0
wd_Q4478264;Устиновка;36.4525649;55.988263;RIZHSKOE;RIZHSKOE;RIZHSKOE;Рижское;МЖД;Q4394582;;;;;never_mcd_in_source;control_candidate;1922-01-01;9;1922;1;0;mcd_corridor_service_uncertain;https://www.wikidata.org/wiki/Q4478264;node_329585313;26.6;1.0
wd_Q4499510;Холщёвики;36.7015587;55.9264949;RIZHSKOE;RIZHSKOE;RIZHSKOE;Рижское;МЖД;Q4394582;;;;;never_mcd_in_source;control_candidate;1905-01-01;9;1905;1;0;mcd_corridor_service_uncertain;https://www.wikidata.org/wiki/Q4499510;node_253438831;8.9;1.0
wd_Q4515238;Чеховская;36.7973995;55.9117141;RIZHSKOE;RIZHSKOE;RIZHSKOE;Рижское;МЖД;Q4394582;;;;;never_mcd_in_source;control_candidate;1964-01-01;9;1964;1;0;mcd_corridor_service_uncertain;https://www.wikidata.org/wiki/Q4515238;node_1994609540;29.9;1.0
wd_Q4516358;Чисмена;36.2151647;56.0185109;RIZHSKOE;RIZHSKOE;RIZHSKOE;Рижское;МЖД;Q4394582;;;;;never_mcd_in_source;control_candidate;1901-01-01;9;1901;1;0;mcd_corridor_service_uncertain;https://www.wikidata.org/wiki/Q4516358;node_1994609852;72.8;1.0
wd_Q4536349;Ядрошино;36.6133821;55.9478693;RIZHSKOE;RIZHSKOE;RIZHSKOE;Рижское;МЖД;Q4394582;;;;;never_mcd_in_source;control_candidate;1958-01-01;9;1958;1;0;mcd_corridor_service_uncertain;https://www.wikidata.org/wiki/Q4536349;node_1994609861;81.2;1.0
wd_Q4028815;142 км;39.1154622;54.9736828;RYAZANSKOE;RYAZANSKOE;RYAZANSKOE;Рязанское;МЖД;Q4402675;;;;;never_mcd_in_source;control_candidate;;0;;;0;mcd_corridor_service_uncertain;https://www.wikidata.org/wiki/Q4028815;node_2168211038;5.5;1.0
wd_Q4032651;8 км;38.9897106;54.9263767;RYAZANSKOE;RYAZANSKOE;RYAZANSKOE;Рязанское;МЖД;Q4402675;;;;;never_mcd_in_source;control_candidate;1870-01-01;9;1870;1;1;analysis_control_beyond_d3;https://www.wikidata.org/wiki/Q4032651;;;
wd_Q4062869;Алпатьево;39.3261162;54.8800932;RYAZANSKOE;RYAZANSKOE;RYAZANSKOE;Рязанское;МЖД;Q4402675;;;;;never_mcd_in_source;control_candidate;1886-01-01;9;1886;1;1;analysis_control_beyond_d3;https://www.wikidata.org/wiki/Q4062869;node_2719878468;161.7;1.0
wd_Q4028435;Амерево;38.7853579;55.1169225;RYAZANSKOE;RYAZANSKOE;RYAZANSKOE;Рязанское;МЖД;Q4402675;;;;;never_mcd_in_source;control_candidate;1965-01-01;9;1965;1;1;analysis_control_beyond_d3;https://www.wikidata.org/wiki/Q4028435;node_2932647534;6.8;1.0
wd_Q4082626;Белоозёрская;38.4490999;55.4622265;RYAZANSKOE;RYAZANSKOE;RYAZANSKOE;Рязанское;МЖД;Q4402675;;;;;never_mcd_in_source;control_candidate;1968-01-01;9;1968;1;1;analysis_control_beyond_d3;https://www.wikidata.org/wiki/Q4082626;node_1994609582;189.0;1.0
wd_Q4097045;Бронницы;38.3627327;55.4989947;RYAZANSKOE;RYAZANSKOE;RYAZANSKOE;Рязанское;МЖД;Q4402675;;;;;never_mcd_in_source;control_candidate;1862-01-01;9;1862;1;1;analysis_control_beyond_d3;https://www.wikidata.org/wiki/Q4097045;node_1994609584;150.8;1.0
wd_Q4111844;Виноградово;38.5613414;55.4267317;RYAZANSKOE;RYAZANSKOE;RYAZANSKOE;Рязанское;МЖД;Q4402675;;;;;never_mcd_in_source;control_candidate;1891-01-01;9;1891;1;1;analysis_control_beyond_d3;https://www.wikidata.org/wiki/Q4111844;node_7952696364;24.8;1.0
wd_Q4183522;Загорново;38.3363773;55.5155321;RYAZANSKOE;RYAZANSKOE;RYAZANSKOE;Рязанское;МЖД;Q4402675;;;;;never_mcd_in_source;control_candidate;1973-01-01;9;1973;1;1;analysis_control_beyond_d3;https://www.wikidata.org/wiki/Q4183522;node_2357452884;14.5;1.0
wd_Q4187103;Зарайск;38.883185;54.7685607;RYAZANSKOE;RYAZANSKOE;RYAZANSKOE;Рязанское;МЖД;Q4402675;;;;;never_mcd_in_source;control_candidate;1870-01-01;9;1870;1;1;analysis_control_beyond_d3;https://www.wikidata.org/wiki/Q4187103;node_1042512214;52.6;1.0
wd_Q4193384;Золотово;38.5248629;55.4358299;RYAZANSKOE;RYAZANSKOE;RYAZANSKOE;Рязанское;МЖД;Q4402675;;;;;never_mcd_in_source;control_candidate;1982-01-01;9;1982;1;1;analysis_control_beyond_d3;https://www.wikidata.org/wiki/Q4193384;node_1994609626;110.1;1.0
wd_Q4228387;Коломна;38.7811165;55.0995509;RYAZANSKOE;RYAZANSKOE;RYAZANSKOE;Рязанское;МЖД;Q4402675;;;;;never_mcd_in_source;control_candidate;1862-01-01;9;1862;1;1;analysis_control_beyond_d3;https://www.wikidata.org/wiki/Q4228387;node_2932647533;26.3;1.0
wd_Q4230693;Конев Бор;38.7788399;55.1912697;RYAZANSKOE;RYAZANSKOE;RYAZANSKOE;Рязанское;МЖД;Q4402675;;;;;never_mcd_in_source;control_candidate;;0;;;0;mcd_corridor_service_uncertain;https://www.wikidata.org/wiki/Q4230693;node_1987909680;91.9;1.0
wd_Q4230957;Конобеево;38.6559731;55.405889;RYAZANSKOE;RYAZANSKOE;RYAZANSKOE;Рязанское;МЖД;Q4402675;;;;;never_mcd_in_source;control_candidate;1862-01-01;9;1862;1;1;analysis_control_beyond_d3;https://www.wikidata.org/wiki/Q4230957;node_1994609636;9.4;1.0
wd_Q4269902;Луховицы;39.0418827;54.9824691;RYAZANSKOE;RYAZANSKOE;RYAZANSKOE;Рязанское;МЖД;Q4402675;;;;;never_mcd_in_source;control_candidate;1864-01-01;9;1864;1;1;analysis_control_beyond_d3;https://www.wikidata.org/wiki/Q4269902;node_271834573;37.2;1.0
wd_Q4289747;Мельгуново;38.9521968;54.8737687;RYAZANSKOE;RYAZANSKOE;RYAZANSKOE;Рязанское;МЖД;Q4402675;;;;;never_mcd_in_source;control_candidate;1870-01-01;9;1870;1;1;analysis_control_beyond_d3;https://www.wikidata.org/wiki/Q4289747;;;
wd_Q4303802;Москворецкая;38.7440114;55.2703695;RYAZANSKOE;RYAZANSKOE;RYAZANSKOE;Рязанское;МЖД;Q4402675;;;;;never_mcd_in_source;control_candidate;;0;;;0;mcd_corridor_service_uncertain;https://www.wikidata.org/wiki/Q4303802;node_1989061178;11.2;1.0
wd_Q4359663;Пески;38.7715868;55.21594;RYAZANSKOE;RYAZANSKOE;RYAZANSKOE;Рязанское;МЖД;Q4402675;;;;;never_mcd_in_source;control_candidate;1862-01-01;9;1862;1;1;analysis_control_beyond_d3;https://www.wikidata.org/wiki/Q4359663;node_1987909698;109.3;1.0
wd_Q19910696;Подлипки;39.1759023;54.956163;RYAZANSKOE;RYAZANSKOE;RYAZANSKOE;Рязанское;МЖД;Q4402675;;;;;never_mcd_in_source;control_candidate;1876-01-01;9;1876;1;1;analysis_control_beyond_d3;https://www.wikidata.org/wiki/Q19910696;node_340071653;37.9;1.0
wd_Q4382448;Прудки;38.92958;54.84005;RYAZANSKOE;RYAZANSKOE;RYAZANSKOE;Рязанское;МЖД;Q4402675;;;;;never_mcd_in_source;control_candidate;1870-01-01;9;1870;1;1;analysis_control_beyond_d3;https://www.wikidata.org/wiki/Q4382448;;;
wd_Q4387909;Радуга;38.3987694;55.4839615;RYAZANSKOE;RYAZANSKOE;RYAZANSKOE;Рязанское;МЖД;Q4402675;;;;;never_mcd_in_source;control_candidate;1985-01-01;9;1985;1;1;analysis_control_beyond_d3;https://www.wikidata.org/wiki/Q4387909;node_1807089738;43.1;1.0
wd_Q4408865;Сарыбьево;38.969396;54.8979017;RYAZANSKOE;RYAZANSKOE;RYAZANSKOE;Рязанское;МЖД;Q4402675;;;;;never_mcd_in_source;control_candidate;1870-01-01;9;1870;1;1;analysis_control_beyond_d3;https://www.wikidata.org/wiki/Q4408865;;;
wd_Q4426638;Совхоз;38.2941047;55.5408227;RYAZANSKOE;RYAZANSKOE;RYAZANSKOE;Рязанское;МЖД;Q4402675;;;;;never_mcd_in_source;control_candidate;;0;;;0;mcd_corridor_service_uncertain;https://www.wikidata.org/wiki/Q4426638;node_1994609818;2.0;1.0
wd_Q4463957;Трофимово;38.685583333;55.352527777;RYAZANSKOE;RYAZANSKOE;RYAZANSKOE;Рязанское;МЖД;Q4402675;;;;;never_mcd_in_source;control_candidate;1999-01-01;9;1999;1;1;analysis_control_beyond_d3;https://www.wikidata.org/wiki/Q4463957;;;
wd_Q4481556;Фаустово;38.4958861;55.4452802;RYAZANSKOE;RYAZANSKOE;RYAZANSKOE;Рязанское;МЖД;Q4402675;;;;;never_mcd_in_source;control_candidate;1862-01-01;9;1862;1;1;analysis_control_beyond_d3;https://www.wikidata.org/wiki/Q4481556;node_1994609837;31.4;1.0
wd_Q4493073;Фруктовая;39.2587429;54.9159087;RYAZANSKOE;RYAZANSKOE;RYAZANSKOE;Рязанское;МЖД;Q4402675;;;;;never_mcd_in_source;control_candidate;1864-01-01;9;1864;1;1;analysis_control_beyond_d3;https://www.wikidata.org/wiki/Q4493073;node_208677806;47.5;1.0
wd_Q4500186;Хорошёво;38.7872044;55.1440739;RYAZANSKOE;RYAZANSKOE;RYAZANSKOE;Рязанское;МЖД;Q4402675;;;;;never_mcd_in_source;control_candidate;;0;;;0;mcd_corridor_service_uncertain;https://www.wikidata.org/wiki/Q4500186;node_208676703;10.6;0.88
wd_Q4503850;Цемгигант;38.7554475;55.2510416;RYAZANSKOE;RYAZANSKOE;RYAZANSKOE;Рязанское;МЖД;Q4402675;;;;;never_mcd_in_source;control_candidate;1931-01-01;9;1931;1;1;analysis_control_beyond_d3;https://www.wikidata.org/wiki/Q4503850;node_1987909702;4.6;1.0
wd_Q4032064;Цибино;38.4267622;55.4723663;RYAZANSKOE;RYAZANSKOE;RYAZANSKOE;Рязанское;МЖД;Q4402675;;;;;never_mcd_in_source;control_candidate;;0;;;0;mcd_corridor_service_uncertain;https://www.wikidata.org/wiki/Q4032064;node_1994609877;397.0;1.0
wd_Q14927574;Чёрная;38.9182073;55.0266367;RYAZANSKOE;RYAZANSKOE;RYAZANSKOE;Рязанское;МЖД;Q4402675;;;;;never_mcd_in_source;control_candidate;1886-01-01;9;1886;1;1;analysis_control_beyond_d3;https://www.wikidata.org/wiki/Q14927574;node_1994609854;27.2;1.0
wd_Q4524582;Шиферная;38.7364654;55.2831279;RYAZANSKOE;RYAZANSKOE;RYAZANSKOE;Рязанское;МЖД;Q4402675;;;;;never_mcd_in_source;control_candidate;1958-01-01;9;1958;1;1;analysis_control_beyond_d3;https://www.wikidata.org/wiki/Q4524582;node_1989061182;5.9;1.0
wd_Q4529247;Щурово;38.8515278;55.0647716;RYAZANSKOE;RYAZANSKOE;RYAZANSKOE;Рязанское;МЖД;Q4402675;;;;;never_mcd_in_source;control_candidate;1864-01-01;9;1864;1;1;analysis_control_beyond_d3;https://www.wikidata.org/wiki/Q4529247;node_253463302;19.0;1.0
wd_Q4028485;119 км;37.2258746;56.678764;SAVELOVSKOE;SAVELOVSKOE;SAVELOVSKOE;Савёловское;МЖД;Q4404352;;;;;never_mcd_in_source;control_candidate;;0;;;0;mcd_corridor_service_uncertain;https://www.wikidata.org/wiki/Q4028485;node_442034193;118.1;1.0
wd_Q4091245;Большая Волга;37.1372583;56.7259779;SAVELOVSKOE;SAVELOVSKOE;SAVELOVSKOE;Савёловское;МЖД;Q4404352;;;;;never_mcd_in_source;control_candidate;;0;;;0;mcd_corridor_service_uncertain;https://www.wikidata.org/wiki/Q4091245;node_299607386;6.3;1.0
wd_Q4107380;Вербилки;37.5600484;56.5388324;SAVELOVSKOE;SAVELOVSKOE;SAVELOVSKOE;Савёловское;МЖД;Q4404352;;;;;never_mcd_in_source;control_candidate;1901-01-01;9;1901;1;0;mcd_corridor_service_uncertain;https://www.wikidata.org/wiki/Q4107380;node_296983678;105.5;1.0
wd_Q4113538;Власово;37.5631707;56.6454263;SAVELOVSKOE;SAVELOVSKOE;SAVELOVSKOE;Савёловское;МЖД;Q4404352;;;;;never_mcd_in_source;control_candidate;1917-01-01;9;1917;1;0;mcd_corridor_service_uncertain;https://www.wikidata.org/wiki/Q4113538;node_13334650685;736.2;1.0
wd_Q4158570;Депо;37.4865196;56.0280903;SAVELOVSKOE;SAVELOVSKOE;SAVELOVSKOE;Савёловское;МЖД;Q4404352;;;;;never_mcd_in_source;control_candidate;1954-01-01;9;1954;1;0;mcd_corridor_service_uncertain;https://www.wikidata.org/wiki/Q4158570;node_1994411900;22.7;1.0
wd_Q4169311;Дубна;37.2007806;56.745951;SAVELOVSKOE;SAVELOVSKOE;SAVELOVSKOE;Савёловское;МЖД;Q4404352;;;;;never_mcd_in_source;control_candidate;2017-10-09;11;2017;0;0;mcd_corridor_service_uncertain;https://www.wikidata.org/wiki/Q4169311;node_11218486987;6.5;1.0
wd_Q4187053;Запрудная;37.3931057;56.5602156;SAVELOVSKOE;SAVELOVSKOE;SAVELOVSKOE;Савёловское;МЖД;Q4404352;;;;;never_mcd_in_source;control_candidate;;0;;;0;mcd_corridor_service_uncertain;https://www.wikidata.org/wiki/Q4187053;node_11218486996;43.2;0.94
wd_Q16486623;Имени Барсученко;37.4974054;56.4189039;SAVELOVSKOE;SAVELOVSKOE;SAVELOVSKOE;Савёловское;МЖД;Q4404352;;;;;never_mcd_in_source;control_candidate;1901-01-01;9;1901;1;0;mcd_corridor_service_uncertain;https://www.wikidata.org/wiki/Q16486623;node_11218365162;42.3;1.0
wd_Q16661279;Каналстрой;37.5156076;56.3834953;SAVELOVSKOE;SAVELOVSKOE;SAVELOVSKOE;Савёловское;МЖД;Q4404352;;;;;never_mcd_in_source;control_candidate;1940-01-01;9;1940;1;0;mcd_corridor_service_uncertain;https://www.wikidata.org/wiki/Q16661279;node_360783021;116.1;1.0
wd_Q95228419;Карманово;37.1917636;56.6920404;SAVELOVSKOE;SAVELOVSKOE;SAVELOVSKOE;Савёловское;МЖД;Q4404352;;;;;never_mcd_in_source;control_candidate;;0;;;0;mcd_corridor_service_uncertain;https://www.wikidata.org/wiki/Q95228419;node_307516682;24.8;1.0
wd_Q4217494;Катуар;37.5043128;56.0909059;SAVELOVSKOE;SAVELOVSKOE;SAVELOVSKOE;Савёловское;МЖД;Q4404352;;;;;never_mcd_in_source;control_candidate;1901-01-01;9;1901;1;0;mcd_corridor_service_uncertain;https://www.wikidata.org/wiki/Q4217494;node_4455082679;20.5;1.0
wd_Q16670303;Лебзино;37.4137467;56.7738931;SAVELOVSKOE;SAVELOVSKOE;SAVELOVSKOE;Савёловское;МЖД;Q4404352;;;;;never_mcd_in_source;control_candidate;1930-01-01;9;1930;1;0;mcd_corridor_service_uncertain;https://www.wikidata.org/wiki/Q16670303;node_156481637;522.2;1.0
wd_Q4268002;Луговая;37.4928085;56.0494495;SAVELOVSKOE;SAVELOVSKOE;SAVELOVSKOE;Савёловское;МЖД;Q4404352;;;;;never_mcd_in_source;control_candidate;1916-01-01;9;1916;1;0;mcd_corridor_service_uncertain;https://www.wikidata.org/wiki/Q4268002;node_4455082681;51.5;1.0
wd_Q4289750;Мельдино;37.2621012;56.6587655;SAVELOVSKOE;SAVELOVSKOE;SAVELOVSKOE;Савёловское;МЖД;Q4404352;;;;;never_mcd_in_source;control_candidate;;0;;;0;mcd_corridor_service_uncertain;https://www.wikidata.org/wiki/Q4289750;node_11218486993;25.7;1.0
wd_Q4316639;Некрасовская;37.4960474;56.0746633;SAVELOVSKOE;SAVELOVSKOE;SAVELOVSKOE;Савёловское;МЖД;Q4404352;;;;;never_mcd_in_source;control_candidate;1960-01-01;9;1960;1;0;mcd_corridor_service_uncertain;https://www.wikidata.org/wiki/Q4316639;node_4455082684;56.9;1.0
wd_Q4032755;Никулки;37.5677367;56.5808981;SAVELOVSKOE;SAVELOVSKOE;SAVELOVSKOE;Савёловское;МЖД;Q4404352;;;;;never_mcd_in_source;control_candidate;1901-01-01;9;1901;1;0;mcd_corridor_service_uncertain;https://www.wikidata.org/wiki/Q4032755;node_352945767;0.3;1.0
wd_Q4337191;Орудьево;37.5192056;56.4457914;SAVELOVSKOE;SAVELOVSKOE;SAVELOVSKOE;Савёловское;МЖД;Q4404352;;;;;never_mcd_in_source;control_candidate;1901-01-01;9;1901;1;0;mcd_corridor_service_uncertain;https://www.wikidata.org/wiki/Q4337191;node_370139605;98.4;1.0
wd_Q4429012;Соревнование;37.4283466;56.5291895;SAVELOVSKOE;SAVELOVSKOE;SAVELOVSKOE;Савёловское;МЖД;Q4404352;;;;;never_mcd_in_source;control_candidate;1940-01-01;9;1940;1;0;mcd_corridor_service_uncertain;https://www.wikidata.org/wiki/Q4429012;node_11218487000;27.3;1.0
wd_Q4450391;Талдом-Савёловский;37.5276118;56.7216242;SAVELOVSKOE;SAVELOVSKOE;SAVELOVSKOE;Савёловское;МЖД;Q4404352;;;;;never_mcd_in_source;control_candidate;1901-01-01;9;1901;1;0;mcd_corridor_service_uncertain;https://www.wikidata.org/wiki/Q4450391;node_324958151;35.4;1.0
wd_Q65126878;Темпы;37.2955994;56.6358955;SAVELOVSKOE;SAVELOVSKOE;SAVELOVSKOE;Савёловское;МЖД;Q4404352;;;;;never_mcd_in_source;control_candidate;1939-01-01;9;1939;1;0;mcd_corridor_service_uncertain;https://www.wikidata.org/wiki/Q65126878;node_11218486995;1.9;1.0
wd_Q16708123;Трудовая;37.5150771;56.1207935;SAVELOVSKOE;SAVELOVSKOE;SAVELOVSKOE;Савёловское;МЖД;Q4404352;;;;;never_mcd_in_source;control_candidate;1936-01-01;9;1936;1;0;mcd_corridor_service_uncertain;https://www.wikidata.org/wiki/Q16708123;node_4455082685;16.9;1.0
wd_Q4055016;Абрамцево;37.9847491;56.2337535;YAROSLAVSKOE;YAROSLAVSKOE;YAROSLAVSKOE;Ярославское;МЖД;Q4538927;;;;;never_mcd_in_source;control_candidate;;0;;;0;opening_unknown;https://www.wikidata.org/wiki/Q4055016;node_327377358;115.1;1.0
wd_Q4073568;Ашукинская;37.9468354;56.1613025;YAROSLAVSKOE;YAROSLAVSKOE;YAROSLAVSKOE;Ярославское;МЖД;Q4538927;;;;;never_mcd_in_source;control_candidate;1898-01-01;9;1898;1;1;candidate;https://www.wikidata.org/wiki/Q4073568;node_327377375;3.8;1.0
wd_Q4183017;Заветы Ильича;37.8542928;56.0399011;YAROSLAVSKOE;YAROSLAVSKOE;YAROSLAVSKOE;Ярославское;МЖД;Q4538927;;;;;never_mcd_in_source;control_candidate;1935-01-01;9;1935;1;1;candidate;https://www.wikidata.org/wiki/Q4183017;node_270332126;14.3;1.0
wd_Q4190345;Зеленоградская;37.9010481;56.0946975;YAROSLAVSKOE;YAROSLAVSKOE;YAROSLAVSKOE;Ярославское;МЖД;Q4538927;;;;;never_mcd_in_source;control_candidate;1897-01-01;9;1897;1;1;candidate;https://www.wikidata.org/wiki/Q4190345;node_305931885;15.5;1.0
wd_Q4209953;Калистово;37.9660599;56.1905789;YAROSLAVSKOE;YAROSLAVSKOE;YAROSLAVSKOE;Ярославское;МЖД;Q4538927;;;;;never_mcd_in_source;control_candidate;1898-01-01;9;1898;1;1;candidate;https://www.wikidata.org/wiki/Q4209953;node_156461626;25.3;1.0
wd_Q4224537;Клязьма;37.8190535;55.9785726;YAROSLAVSKOE;YAROSLAVSKOE;YAROSLAVSKOE;Ярославское;МЖД;Q4538927;;;;;never_mcd_in_source;control_candidate;1898-01-01;9;1898;1;1;candidate;https://www.wikidata.org/wiki/Q4224537;node_270332136;7.2;1.0
wd_Q4267212;Лосиноостровская;37.6832905;55.8626438;YAROSLAVSKOE;YAROSLAVSKOE;YAROSLAVSKOE;Ярославское;МЖД;Q4538927;;;;;never_mcd_in_source;control_candidate;1902-01-01;9;1902;1;1;candidate;https://www.wikidata.org/wiki/Q4267212;node_1985948187;86.3;1.0
wd_Q4267325;Лось;37.7103198;55.8798478;YAROSLAVSKOE;YAROSLAVSKOE;YAROSLAVSKOE;Ярославское;МЖД;Q4538927;;;;;never_mcd_in_source;control_candidate;1929-01-01;9;1929;1;1;candidate;https://www.wikidata.org/wiki/Q4267325;node_1985948190;14.2;1.0
wd_Q4277648;Маленковская;37.6629809;55.8143283;YAROSLAVSKOE;YAROSLAVSKOE;YAROSLAVSKOE;Ярославское;МЖД;Q4538927;;;;;never_mcd_in_source;control_candidate;1934-01-01;9;1934;1;1;candidate;https://www.wikidata.org/wiki/Q4277648;node_316082112;22.0;1.0
wd_Q4280030;Мамонтовская;37.8286027;55.9938732;YAROSLAVSKOE;YAROSLAVSKOE;YAROSLAVSKOE;Ярославское;МЖД;Q4538927;;;;;never_mcd_in_source;control_candidate;1897-01-01;9;1897;1;1;candidate;https://www.wikidata.org/wiki/Q4280030;node_504080258;7.2;1.0
wd_Q4303692;Москва-3;37.6515134;55.8017037;YAROSLAVSKOE;YAROSLAVSKOE;YAROSLAVSKOE;Ярославское;МЖД;Q4538927;;;;;never_mcd_in_source;control_candidate;1929-01-01;9;1929;1;1;candidate;https://www.wikidata.org/wiki/Q4303692;node_316075784;63.7;1.0
wd_Q55658542;Москва-Пассажирская-Ярославская;37.6567616;55.7784041;YAROSLAVSKOE;YAROSLAVSKOE;YAROSLAVSKOE;Ярославское;МЖД;Q4538927;;;;;never_mcd_in_source;control_candidate;1862-01-01;9;1862;1;1;candidate;https://www.wikidata.org/wiki/Q55658542;node_473887668;622.8;1.0
wd_Q4031396;Нагорное;37.9180682;56.1172472;YAROSLAVSKOE;YAROSLAVSKOE;YAROSLAVSKOE;Ярославское;МЖД;Q4538927;;;;;never_mcd_in_source;control_candidate;1940-01-01;9;1940;1;1;candidate;https://www.wikidata.org/wiki/Q4031396;node_322044140;19.4;1.0
wd_Q4351449;Перловская;37.7247552;55.8891155;YAROSLAVSKOE;YAROSLAVSKOE;YAROSLAVSKOE;Ярославское;МЖД;Q4538927;;;;;never_mcd_in_source;control_candidate;1898-01-01;9;1898;1;1;candidate;https://www.wikidata.org/wiki/Q4351449;node_1987281823;147.6;1.0
wd_Q4375816;Правда;37.867766;56.0647301;YAROSLAVSKOE;YAROSLAVSKOE;YAROSLAVSKOE;Ярославское;МЖД;Q4538927;;;;;never_mcd_in_source;control_candidate;1898-01-01;9;1898;1;1;candidate;https://www.wikidata.org/wiki/Q4375816;node_270332125;24.6;1.0
wd_Q4384761;Пушкино;37.8393723;56.0121205;YAROSLAVSKOE;YAROSLAVSKOE;YAROSLAVSKOE;Ярославское;МЖД;Q4538927;;;;;never_mcd_in_source;control_candidate;1862-08-08;11;1862;1;1;candidate;https://www.wikidata.org/wiki/Q4384761;node_270332134;32.5;1.0
wd_Q4387831;Радонеж;37.9766882;56.2141864;YAROSLAVSKOE;YAROSLAVSKOE;YAROSLAVSKOE;Ярославское;МЖД;Q4538927;;;;;never_mcd_in_source;control_candidate;1960-01-01;9;1960;1;1;candidate;https://www.wikidata.org/wiki/Q4387831;node_270194228;99.8;1.0
wd_Q4412648;Ростокино;37.6698673;55.8410132;YAROSLAVSKOE;YAROSLAVSKOE;YAROSLAVSKOE;Ярославское;МЖД;Q4538927;;;;;never_mcd_in_source;control_candidate;1932-01-01;9;1932;1;1;candidate;https://www.wikidata.org/wiki/Q4412648;node_1985948193;2.1;1.0
wd_Q4415623;Семхоз;38.0777177;56.2833084;YAROSLAVSKOE;YAROSLAVSKOE;YAROSLAVSKOE;Ярославское;МЖД;Q4538927;;;;;never_mcd_in_source;control_candidate;;0;;;0;opening_unknown;https://www.wikidata.org/wiki/Q4415623;node_327365784;28.5;1.0
wd_Q4417039;Сергиев Посад;38.1371689;56.3021734;YAROSLAVSKOE;YAROSLAVSKOE;YAROSLAVSKOE;Ярославское;МЖД;Q4538927;;;;;never_mcd_in_source;control_candidate;1862-01-01;9;1862;1;1;candidate;https://www.wikidata.org/wiki/Q4417039;node_265770343;29.0;1.0
wd_Q4444124;Строитель;37.7832431;55.9330312;YAROSLAVSKOE;YAROSLAVSKOE;YAROSLAVSKOE;Ярославское;МЖД;Q4538927;;;;;never_mcd_in_source;control_candidate;1930-01-01;9;1930;1;1;candidate;https://www.wikidata.org/wiki/Q4444124;node_1987604386;0.6;1.0
wd_Q4449975;Тайнинская;37.7424432;55.9007891;YAROSLAVSKOE;YAROSLAVSKOE;YAROSLAVSKOE;Ярославское;МЖД;Q4538927;;;;;never_mcd_in_source;control_candidate;1898-01-01;9;1898;1;1;candidate;https://www.wikidata.org/wiki/Q4449975;node_1987281826;20.7;1.0
wd_Q4451860;Тарасовская;37.8087433;55.9620369;YAROSLAVSKOE;YAROSLAVSKOE;YAROSLAVSKOE;Ярославское;МЖД;Q4538927;;;;;never_mcd_in_source;control_candidate;1895-01-01;9;1895;1;1;candidate;https://www.wikidata.org/wiki/Q4451860;node_1987604390;42.0;1.0
wd_Q25393844;Топорково;38.2020662;56.3442168;YAROSLAVSKOE;YAROSLAVSKOE;YAROSLAVSKOE;Ярославское;МЖД;Q4538927;;;;;never_mcd_in_source;control_candidate;1940-01-01;9;1940;1;1;candidate;https://www.wikidata.org/wiki/Q25393844;node_3221716794;42.5;1.0
wd_Q4500441;Хотьково;37.9981322;56.2569451;YAROSLAVSKOE;YAROSLAVSKOE;YAROSLAVSKOE;Ярославское;МЖД;Q4538927;;;;;never_mcd_in_source;control_candidate;1862-01-01;9;1862;1;1;candidate;https://www.wikidata.org/wiki/Q4500441;node_327377263;92.2;1.0
wd_Q4508660;Челюскинская;37.7998727;55.9477624;YAROSLAVSKOE;YAROSLAVSKOE;YAROSLAVSKOE;Ярославское;МЖД;Q4538927;;;;;never_mcd_in_source;control_candidate;1936-01-01;9;1936;1;1;candidate;https://www.wikidata.org/wiki/Q4508660;node_1987604398;17.9;1.0
wd_Q4539629;Яуза;37.6711095;55.8287749;YAROSLAVSKOE;YAROSLAVSKOE;YAROSLAVSKOE;Ярославское;МЖД;Q4538927;;;;;never_mcd_in_source;control_candidate;1915-01-01;9;1915;1;1;candidate;https://www.wikidata.org/wiki/Q4539629;node_316082114;12.7;1.0
